night,source_prediction_row_n,predicted_nominal_n,duplicate_prediction_row_n,matched_1arcsec_n,recovery_fraction,predicted_rate_finite_n
20251115,79486,79486,0,58,0.0007296882469868907,79348
20251116,82312,82312,0,2596,0.03153853630090388,82275
20251118,82741,82741,0,5297,0.06401904738883987,82713
20251119,148809,148710,99,8311,0.055887297424517514,147763
20251120,97437,97288,149,6587,0.06770619192500617,96243
20251121,157413,157182,231,12749,0.08110979628710667,157102
20251122,51778,51778,0,1100,0.021244544014832556,51733
20251123,40088,39962,126,1825,0.04566838496571743,38259
20251124,44622,44594,28,1008,0.022603937749473023,38227
20251125,63197,63197,0,1595,0.025238539804104624,60493
20251127,80006,79838,168,2849,0.03568476164232571,75310
20251128,51802,51802,0,1446,0.027913980155206363,48173
20251129,51977,51977,0,1643,0.03161013525213075,51773
20251130,59293,59293,0,524,0.008837468166562664,55984
20251201,10843,10843,0,443,0.04085585170155861,2494
20251202,35984,35918,66,682,0.018987694192326966,35892
20251203,139830,139668,162,3339,0.023906693014863818,132429
20251204,138880,138880,0,2806,0.020204493087557604,138784
20251205,110931,110902,29,1077,0.00971127662260374,109572
20251206,137564,137534,30,4144,0.030130731310076053,133809
20251207,182408,182408,0,6328,0.03469146090083768,180675
20251208,133243,133243,0,6022,0.04519562003257207,117213
20251209,176099,176099,0,6585,0.03739373874922629,171718
20251210,133427,133427,0,7375,0.055273670246651724,130729
20251213,157148,157148,0,7344,0.04673301601038511,148896
20251214,108319,108319,0,7087,0.06542711804946501,105897
20251215,165680,165680,0,9771,0.058975132786093676,161545
20251216,154876,154876,0,9635,0.06221105916991658,145563
20251217,155643,155562,81,7683,0.049388668183746674,150744
20251220,198759,198711,48,12405,0.06242734423358546,192791
20251221,70546,70546,0,2049,0.029044878518980525,66302
20251223,139713,139713,0,10134,0.0725344098258573,136360
20251225,81282,81282,0,5444,0.06697669840801161,80884
20251226,157974,157974,0,9133,0.05781331105118564,157085
20251227,125182,125182,0,6732,0.053777699669281524,122236
20251228,182851,182851,0,10122,0.055356547134005285,182796
20251229,181142,181142,0,9371,0.051732894635148116,181075
20251230,131670,131658,12,3245,0.024647191967066186,125279
20251231,113685,113676,9,2777,0.024429079137196944,111564
20260101,108836,108836,0,2269,0.020847881215774192,97970
20260102,188399,188390,9,2451,0.013010244705132968,179020
20260103,40207,40201,6,624,0.015522001940250243,36623
20260104,131978,131978,0,3863,0.029270029853460427,131903
20260105,133598,133595,3,3025,0.022643062988884313,125877
20260106,159380,159380,0,2931,0.018390011293763334,150504
20260107,147139,147139,0,7352,0.04996635834143225,143906
20260108,81573,81573,0,3919,0.04804285731798512,80092
20260109,97433,97433,0,2731,0.02802951771986904,90418
20260110,134043,134043,0,4516,0.03369068134852249,130905
20260111,106042,106042,0,180,0.0016974406367288432,101025
20260112,91060,91060,0,4900,0.05381067428069405,89118
20260114,158086,158086,0,9501,0.06010019862606429,151589
20260115,151260,151260,0,5072,0.033531667327779985,138282
20260116,139571,139559,12,5521,0.039560329323082,131027
20260117,81235,81217,18,1761,0.021682652646613395,81183
20260119,128302,128302,0,3819,0.02976570903025674,110236
20260120,91904,91898,6,3279,0.035680863566127666,86603
20260121,132159,132159,0,7455,0.05640932513109209,127548
20260122,160040,160040,0,7876,0.04921269682579355,150779
20260123,187961,187961,0,9448,0.050265746617649404,179925
20260124,175862,175862,0,7692,0.04373884068189831,175534
20260126,159664,159664,0,7818,0.04896532718709289,152612
20260127,112177,112177,0,2287,0.020387423446874137,100434
20260128,10597,10597,0,128,0.012078890251958102,4449
20260129,97949,97949,0,1179,0.01203687633360218,90611
20260131,99937,99937,0,1631,0.01632028177751984,83766
20260201,100115,100115,0,1066,0.010647755081656095,88328
20260202,169185,169185,0,3216,0.019008777373880664,169115
20260205,87895,87895,0,1876,0.021343648671710565,85826
20260206,74943,74943,0,2574,0.034346103038309116,73053
20260207,165113,165113,0,5602,0.03392827942076033,160576
20260208,178174,178174,0,8683,0.048733260745114325,172798
20260210,52862,52862,0,3858,0.07298248269077977,52643
20260211,140230,140230,0,8751,0.062404620979818866,138447
20260212,103689,103689,0,4914,0.04739171946879611,103043
20260213,138501,138501,0,7967,0.057523050375087544,133274
20260215,150050,150050,0,6753,0.045004998333888706,137354
20260216,174240,174240,0,12203,0.07003558310376493,167447
20260217,154147,154147,0,9335,0.06055907672546336,147519
20260218,161610,161610,0,8367,0.051772786337479115,156300
20260219,114937,114937,0,6048,0.05262013102830246,108599
20260220,126746,126746,0,3305,0.02607577359443296,117457
20260222,145211,145211,0,7286,0.05017526220465392,134006
20260223,29100,29100,0,1939,0.06663230240549828,19299
20260224,20538,20538,0,426,0.02074203914694712,17062
20260303,62213,62213,0,1895,0.0304598717309887,61274
20260306,87107,87107,0,2553,0.029308781154212635,79105
20260308,52060,52060,0,1619,0.031098732232039954,47864
20260309,61796,61796,0,1087,0.01759013528383714,61762
20260310,137732,137732,0,6791,0.04930589841140766,136422
20260311,128380,128380,0,6973,0.05431531391182427,128324
20260315,54901,54901,0,2244,0.04087357243037468,53071
20260316,61342,61342,0,2477,0.04038016367252453,56473
20260318,43773,43773,0,3318,0.07580015077787677,38990
20260330,107231,107231,0,1175,0.010957652171480262,102264
20260331,108017,108017,0,1736,0.01607154429395373,107982
20260401,118218,118218,0,1188,0.010049231081561184,118192
20260403,74900,74900,0,1804,0.024085447263017357,68183
20260404,32075,32075,0,796,0.024816835541699143,30585
20260405,50157,50157,0,2553,0.0509001734553502,50147
20260406,160663,160663,0,8395,0.0522522298226723,160626
20260407,151761,151761,0,7933,0.052272981859634554,151722
20260410,88515,88515,0,6261,0.0707337739366209,83267
20260411,57085,57085,0,1336,0.023403696242445475,55564
20260412,9517,9517,0,195,0.02048965009982137,5452
20260414,35394,35394,0,499,0.014098434762954174,34445
20260420,138784,138784,0,8194,0.05904138805626009,138297
20260422,30835,30835,0,1278,0.041446408302253934,27777
20260423,32057,32057,0,855,0.02667124185045388,25168
20260425,38743,38743,0,477,0.012311901504787962,35143
20260426,51548,51548,0,626,0.012144021106541477,50870
20260427,82462,82462,0,2739,0.03321529916810167,77706
20260428,120887,120887,0,3827,0.03165766376864344,120686
20260429,109420,109420,0,3008,0.02749040394808993,107365
20260430,19801,19801,0,185,0.009342962476642593,15776
20260503,95824,95824,0,3022,0.03153698447153114,90250
20260504,116127,116127,0,3075,0.02647963006019272,113782
20260506,47941,47941,0,1826,0.03808848376128992,47922
20260507,48207,48207,0,2758,0.0572116082726575,42286
20260508,72938,72938,0,3211,0.04402369135430091,72926
20260509,64280,64280,0,3419,0.05318917237087741,64266
20260512,76447,76447,0,2261,0.02957604614962,73890
20260528,82171,82171,0,2390,0.029085687164571442,81444
20260529,86130,86130,0,1400,0.016254499013119702,85150
20260530,75636,75636,0,763,0.010087788883600401,73662
20260601,75678,75678,0,1389,0.018354079124712597,75360
20260605,304,304,0,0,0.0,0
20260611,75709,75709,0,4655,0.061485424454160005,75656
20260617,7029,7029,0,503,0.07156067719448,4051
20260620,60293,60260,33,2931,0.04863923000331895,59142
20260715,11465,11465,0,442,0.03855211513301352,11200
