metric,lower,upper,denominator_prediction_n,matched_1arcsec_n,denominator_definition,recovery_fraction,ci95_low,ci95_high
header_limiting_magnitude,12.0,14.0,0,0,V<22.5 and inside nominal WCS detector rectangle,,,
header_limiting_magnitude,14.0,15.0,1658,0,V<22.5 and inside nominal WCS detector rectangle,0.0,0.0,0.0023115675687981514
header_limiting_magnitude,15.0,16.0,19228,9,V<22.5 and inside nominal WCS detector rectangle,0.00046806740170584563,0.00024627815185857514,0.0008894143853049178
header_limiting_magnitude,16.0,17.0,29136,34,V<22.5 and inside nominal WCS detector rectangle,0.0011669412410763318,0.0008352334821300437,0.0016301697329910033
header_limiting_magnitude,17.0,18.0,81312,210,V<22.5 and inside nominal WCS detector rectangle,0.0025826446280991736,0.0022565086421694634,0.002955777810468827
header_limiting_magnitude,18.0,19.0,637768,4685,V<22.5 and inside nominal WCS detector rectangle,0.007345931435882641,0.007139303606381706,0.007558494021966458
header_limiting_magnitude,19.0,20.0,3864808,77162,V<22.5 and inside nominal WCS detector rectangle,0.01996528676198145,0.019826305405335264,0.02010522238686063
header_limiting_magnitude,20.0,21.0,8270369,419866,V<22.5 and inside nominal WCS detector rectangle,0.050767505053281176,0.05061810214560264,0.05091732528389384
header_limiting_magnitude,21.0,22.0,405302,32806,V<22.5 and inside nominal WCS detector rectangle,0.08094211230144435,0.08010639170949509,0.08178577649279146
header_limiting_magnitude,22.0,23.0,965,8,V<22.5 and inside nominal WCS detector rectangle,0.008290155440414507,0.004206624033010596,0.016272948388307753
header_limiting_magnitude,23.0,25.0,0,0,V<22.5 and inside nominal WCS detector rectangle,,,
l2_catalog_source_count,0.0,5000.0,154793,318,V<22.5 and inside nominal WCS detector rectangle,0.0020543564631475583,0.0018408172336249326,0.0022926098621140053
l2_catalog_source_count,5000.0,10000.0,2108705,37424,V<22.5 and inside nominal WCS detector rectangle,0.017747385243549952,0.017570057144122155,0.017926470393097086
l2_catalog_source_count,10000.0,20000.0,5921794,259156,V<22.5 and inside nominal WCS detector rectangle,0.04376308936109564,0.043598622681521,0.04392814796067552
l2_catalog_source_count,20000.0,40000.0,2401196,125028,V<22.5 and inside nominal WCS detector rectangle,0.05206905225562595,0.051788764189006416,0.05235077352931184
l2_catalog_source_count,40000.0,80000.0,1566628,69676,V<22.5 and inside nominal WCS detector rectangle,0.044475140237503735,0.04415344728523672,0.04479906712877832
l2_catalog_source_count,80000.0,160000.0,1077906,41394,V<22.5 and inside nominal WCS detector rectangle,0.03840223544539134,0.038041106355834145,0.038766654622367835
l2_catalog_source_count,160000.0,inf,79524,1784,V<22.5 and inside nominal WCS detector rectangle,0.02243347920124742,0.02142706461513943,0.023486029884856322
moon_illumination_fraction,0.0,0.25,4625646,231594,V<22.5 and inside nominal WCS detector rectangle,0.050067385182523697,0.04986901835670237,0.05026649931852679
moon_illumination_fraction,0.25,0.5,1876946,91507,V<22.5 and inside nominal WCS detector rectangle,0.04875313408057557,0.048445971884177194,0.04906214336549501
moon_illumination_fraction,0.5,0.75,2355525,99908,V<22.5 and inside nominal WCS detector rectangle,0.04241432377070929,0.04215770423576285,0.04267243579133558
moon_illumination_fraction,0.75,1.001,4452429,111771,V<22.5 and inside nominal WCS detector rectangle,0.025103376157149276,0.024958475560691074,0.025249096213839462
moon_separation_deg,0.0,30.0,881650,14681,V<22.5 and inside nominal WCS detector rectangle,0.016651732546929053,0.01638672498999488,0.016920952102673106
moon_separation_deg,30.0,60.0,3131842,79220,V<22.5 and inside nominal WCS detector rectangle,0.025295018075624506,0.025121698399112324,0.025469502279212637
moon_separation_deg,60.0,90.0,2466769,91916,V<22.5 and inside nominal WCS detector rectangle,0.03726169738633816,0.037026059637278876,0.03749877636265953
moon_separation_deg,90.0,120.0,2571557,120769,V<22.5 and inside nominal WCS detector rectangle,0.046963376662465584,0.04670547895773734,0.04722262788098573
moon_separation_deg,120.0,150.0,2167617,112006,V<22.5 and inside nominal WCS detector rectangle,0.05167241260794688,0.051378516337907285,0.05196789793076932
moon_separation_deg,150.0,180.001,2091111,116188,V<22.5 and inside nominal WCS detector rectangle,0.055562808478363895,0.05525314088320588,0.05587410897013358
predicted_v_mag,8.0,12.0,796,565,V<22.5 and inside nominal WCS detector rectangle,0.7097989949748744,0.6773221545064463,0.7402606005716137
predicted_v_mag,12.0,14.0,3936,3325,V<22.5 and inside nominal WCS detector rectangle,0.8447662601626016,0.8331175173933918,0.8557426888780497
predicted_v_mag,14.0,15.0,5075,4247,V<22.5 and inside nominal WCS detector rectangle,0.8368472906403941,0.8264271580498841,0.8467578641094591
predicted_v_mag,15.0,16.0,11095,9094,V<22.5 and inside nominal WCS detector rectangle,0.8196484903109509,0.8123840864986537,0.8266916248101973
predicted_v_mag,16.0,17.0,28833,23044,V<22.5 and inside nominal WCS detector rectangle,0.7992231124059238,0.7945596411052399,0.8038068625439311
predicted_v_mag,17.0,18.0,98190,75777,V<22.5 and inside nominal WCS detector rectangle,0.7717384662389245,0.7691026441509682,0.7743530268686764
predicted_v_mag,18.0,19.0,334942,204086,V<22.5 and inside nominal WCS detector rectangle,0.6093174340632109,0.6076638581090983,0.61096850251689
predicted_v_mag,19.0,20.0,966787,192952,V<22.5 and inside nominal WCS detector rectangle,0.19958067288865075,0.19878515644838418,0.20037857670874049
predicted_v_mag,20.0,21.0,2383479,13022,V<22.5 and inside nominal WCS detector rectangle,0.005463442304295528,0.005370655396079767,0.0055578233014543016
predicted_v_mag,21.0,22.0,5276267,5166,V<22.5 and inside nominal WCS detector rectangle,0.0009791013229618593,0.0009527760350318656,0.0010061532484320912
predicted_v_mag,22.0,22.5,4201142,3502,V<22.5 and inside nominal WCS detector rectangle,0.0008335828686580934,0.0008064388008553604,0.0008616397956228009
seeing_arcsec,0.0,1.0,0,0,V<22.5 and inside nominal WCS detector rectangle,,,
seeing_arcsec,1.0,1.5,0,0,V<22.5 and inside nominal WCS detector rectangle,,,
seeing_arcsec,1.5,2.0,0,0,V<22.5 and inside nominal WCS detector rectangle,,,
seeing_arcsec,2.0,2.5,82437,3986,V<22.5 and inside nominal WCS detector rectangle,0.048352074917816026,0.04690869410783071,0.04983754619837282
seeing_arcsec,2.5,3.0,2003074,99199,V<22.5 and inside nominal WCS detector rectangle,0.049523382561003734,0.04922379326969242,0.049824699680699705
seeing_arcsec,3.0,4.0,7049630,310740,V<22.5 and inside nominal WCS detector rectangle,0.04407890910586797,0.043927629912944646,0.04423068517625629
seeing_arcsec,4.0,6.0,3729363,113332,V<22.5 and inside nominal WCS detector rectangle,0.03038910398370982,0.030215370961101107,0.030563804457897026
seeing_arcsec,6.0,inf,446042,7523,V<22.5 and inside nominal WCS detector rectangle,0.016866124714712966,0.016492366650393234,0.017248204519599637
sky_background_adu,0.0,100.0,273,1,V<22.5 and inside nominal WCS detector rectangle,0.003663003663003663,0.0006469030014178041,0.02045347280781945
sky_background_adu,100.0,300.0,0,0,V<22.5 and inside nominal WCS detector rectangle,,,
sky_background_adu,300.0,1000.0,2644874,158962,V<22.5 and inside nominal WCS detector rectangle,0.060101917898546395,0.059816118630318785,0.06038899499544437
sky_background_adu,1000.0,3000.0,6893097,306749,V<22.5 and inside nominal WCS detector rectangle,0.04450089705686718,0.044347214656548485,0.044655087147726626
sky_background_adu,3000.0,10000.0,2974581,61532,V<22.5 and inside nominal WCS detector rectangle,0.020685938624633183,0.020524810449475624,0.020848304797916255
sky_background_adu,10000.0,30000.0,739862,7361,V<22.5 and inside nominal WCS detector rectangle,0.009949152679824075,0.009725534422816633,0.010177859724675307
sky_background_adu,30000.0,inf,57859,175,V<22.5 and inside nominal WCS detector rectangle,0.003024594272282618,0.002608944289607321,0.0035062317007130443
sky_rate_arcsec_per_hour,0.0,3.0,138558,4163,V<22.5 and inside nominal WCS detector rectangle,0.030045179635964724,0.029159259586278196,0.03095715753925667
sky_rate_arcsec_per_hour,3.0,5.0,221793,6987,V<22.5 and inside nominal WCS detector rectangle,0.031502346782811,0.030783488153982613,0.03223743390642396
sky_rate_arcsec_per_hour,5.0,10.0,862490,28188,V<22.5 and inside nominal WCS detector rectangle,0.03268211805354265,0.032308953089917755,0.03305944578868748
sky_rate_arcsec_per_hour,10.0,20.0,2886373,99899,V<22.5 and inside nominal WCS detector rectangle,0.03461056488541155,0.034400307342395055,0.03482206119553905
sky_rate_arcsec_per_hour,20.0,40.0,7948668,354214,V<22.5 and inside nominal WCS detector rectangle,0.044562686477784705,0.044419460696106784,0.04470635246978207
sky_rate_arcsec_per_hour,40.0,80.0,712256,23964,V<22.5 and inside nominal WCS detector rectangle,0.03364520621798904,0.03322896007336209,0.034066482781662154
sky_rate_arcsec_per_hour,80.0,160.0,17658,756,V<22.5 and inside nominal WCS detector rectangle,0.04281345565749235,0.039925728384943446,0.04590005950670649
sky_rate_arcsec_per_hour,160.0,320.0,3261,126,V<22.5 and inside nominal WCS detector rectangle,0.03863845446182153,0.03254800182205233,0.045814596193076894
sky_rate_arcsec_per_hour,320.0,640.0,1284,48,V<22.5 and inside nominal WCS detector rectangle,0.037383177570093455,0.028311085232777623,0.04921511811846501
sky_rate_arcsec_per_hour,640.0,inf,961,24,V<22.5 and inside nominal WCS detector rectangle,0.02497398543184183,0.016838998676398743,0.036891547774267744
