night,raw_science_n,l2_mp_n,plan_n,plan_matched_raw_n,known_predicted_n,known_match1_n,known_mask15_n,known_ades_n,known_mpc_state,gaia_survivor_n,grouped_gaia_input_detection_n,edge_shell_survivor_detection_n,static_survivor_detection_n,tracklet_n,link_n,orbit_fit_n,orbit_is_good_n,unknown_n,review_real_n,submit_real_n,audit_initial_n,audit_real_n,unknown_mpc_state,quality_code,quality_reason,code_commit,input_manifest_hash,raw_all_mp_n,raw_not_in_plan_n,plan_not_acquired_n,acquired_frame_plan_compliance,planned_frame_realization,summary_known_mask15_n,masked_catalog_detection_n,link_member_n,link_all_non_known_n,orbit_fit_non_known_n,orbit_is_good_non_known_n,known_after_gaia_n,known_ge3_object_n,known_ge3_linked_object_n,summary_exists,mag_flag_prefilter_detection_n,gaia_removed_n,gaia_ok_file_n,gaia_log_file_n,gaia_status_counts,tracklet_stage_state,common_area_survivor_detection_n,tracklet_log_n,tracklet_group_n,tracklet_skip_reason_counts,primary_science_included,unknown_science_included,l2_detection_n,tracklet_count_log_minus_summary
20251115,292,291,0,0,79486,58,0,0,matched_without_ades,0,0,0,0,0,0,0,0,0,0,0,0,0,not_run,quality_ok,,d2f0057bd4cdd4c7a3c6c2431f6449a72c327284,1696aab4b60098bd8168c3ddf22814b9d09727ec11202d6fd99d7c2f1643bc58,292,292,0,0.0,,0,0,0,0,0,0,0,0,0,False,0,0,0,0,,missing,0,0,0,{},True,True,10206011,
20251116,291,290,0,0,82312,2596,2885,0,matched_without_ades,241283,241283,205960,101285,4723,383,383,383,11,0,0,0,0,catalog_nonempty,quality_ok,,d2f0057bd4cdd4c7a3c6c2431f6449a72c327284,1696aab4b60098bd8168c3ddf22814b9d09727ec11202d6fd99d7c2f1643bc58,291,291,0,0.0,,2885,241283,767,11,11,11,2461,554,353,True,6340169,6098886,290,290,"{""ok"": 290}",ok,241283,4723,94,{},True,True,8853251,0.0
20251117,0,0,0,0,0,0,0,0,not_run,0,0,0,0,0,0,0,0,0,0,0,0,0,not_run,no_strict_raw,,d2f0057bd4cdd4c7a3c6c2431f6449a72c327284,1696aab4b60098bd8168c3ddf22814b9d09727ec11202d6fd99d7c2f1643bc58,0,0,0,,,0,0,0,0,0,0,0,0,0,,0,0,0,0,,missing,0,0,0,{},True,True,0,
20251118,294,293,0,0,82741,5297,5604,3884,reply_received,288704,288704,233705,101769,25480,967,967,967,72,0,0,0,0,catalog_nonempty,quality_ok,,d2f0057bd4cdd4c7a3c6c2431f6449a72c327284,1696aab4b60098bd8168c3ddf22814b9d09727ec11202d6fd99d7c2f1643bc58,294,294,0,0.0,,5604,288704,1943,72,72,72,4931,1180,835,True,9921957,9633253,293,293,"{""ok"": 293}",ok,288704,25480,94,{},True,True,13012247,0.0
20251119,389,389,0,0,148809,8311,8783,6013,reply_received,362078,360177,298140,105020,9510,1493,1481,1481,64,0,0,0,0,catalog_nonempty,quality_ok,,d2f0057bd4cdd4c7a3c6c2431f6449a72c327284,1696aab4b60098bd8168c3ddf22814b9d09727ec11202d6fd99d7c2f1643bc58,389,389,0,0.0,,8783,362078,2999,76,64,64,7725,1870,1347,True,10465728,10103650,389,389,"{""ok"": 389}",ok,360177,9510,125,{},True,True,13261806,0.0
20251120,420,419,0,0,97437,6587,6962,4667,reply_received,487839,484649,416787,134159,11198,1120,1098,1098,63,0,0,0,0,catalog_nonempty,quality_ok,,d2f0057bd4cdd4c7a3c6c2431f6449a72c327284,1696aab4b60098bd8168c3ddf22814b9d09727ec11202d6fd99d7c2f1643bc58,420,420,0,0.0,,6962,487839,2245,85,63,63,6055,1444,975,True,14102400,13614561,419,419,"{""ok"": 419}",ok,484649,11198,136,{},True,True,18192268,0.0
20251121,475,475,0,0,157413,12749,13333,9129,reply_received,544739,544739,458657,157975,15802,2042,2042,2042,104,1,1,1,1,reply_received,quality_ok,,d2f0057bd4cdd4c7a3c6c2431f6449a72c327284,1696aab4b60098bd8168c3ddf22814b9d09727ec11202d6fd99d7c2f1643bc58,476,475,0,0.0,,13333,544739,4122,104,104,104,11180,2810,1839,True,16924650,16379911,475,475,"{""ok"": 475}",ok,544739,15802,156,{},True,True,22632479,0.0
20251122,227,227,0,0,51778,1100,1195,665,reply_received,135418,135418,99803,44333,3259,181,160,160,11,0,0,0,0,catalog_nonempty,quality_ok,,d2f0057bd4cdd4c7a3c6c2431f6449a72c327284,1696aab4b60098bd8168c3ddf22814b9d09727ec11202d6fd99d7c2f1643bc58,227,227,0,0.0,,1195,135418,364,32,11,11,959,204,137,True,6318637,6183219,227,227,"{""ok"": 227}",ok,135418,3259,80,"{""no tracklets"": 2}",True,True,7226766,0.0
20251123,170,170,0,0,40088,1825,1879,1346,reply_received,111363,106201,82981,29342,2859,365,365,365,63,0,0,0,0,catalog_nonempty,quality_ok,,d2f0057bd4cdd4c7a3c6c2431f6449a72c327284,1696aab4b60098bd8168c3ddf22814b9d09727ec11202d6fd99d7c2f1643bc58,170,170,0,0.0,,1879,111363,731,63,63,63,1680,412,285,True,1488908,1377545,170,170,"{""ok"": 170}",ok,106201,2859,50,{},True,True,1726995,0.0
20251124,138,138,0,0,44622,1008,1128,382,reply_received,77978,55709,43408,23119,1996,133,132,132,14,1,1,1,1,reply_received,quality_ok,,d2f0057bd4cdd4c7a3c6c2431f6449a72c327284,1696aab4b60098bd8168c3ddf22814b9d09727ec11202d6fd99d7c2f1643bc58,138,138,0,0.0,,1128,77978,266,15,14,14,1001,135,107,True,1864824,1786846,138,138,"{""ok"": 138}",ok,55709,1996,38,"{""no tracklets"": 1}",True,True,2235121,0.0
20251125,164,164,0,0,63197,1595,1741,826,reply_received,107972,95356,74796,35205,3623,241,238,238,20,2,2,2,2,reply_received,quality_ok,,d2f0057bd4cdd4c7a3c6c2431f6449a72c327284,1696aab4b60098bd8168c3ddf22814b9d09727ec11202d6fd99d7c2f1643bc58,164,164,0,0.0,,1741,107972,482,23,20,20,1636,267,201,True,1987250,1879278,164,164,"{""ok"": 164}",ok,95356,3623,53,{},True,True,2254570,0.0
20251126,0,0,0,0,0,0,0,0,not_run,0,0,0,0,0,0,0,0,0,0,0,0,0,not_run,no_strict_raw,,d2f0057bd4cdd4c7a3c6c2431f6449a72c327284,1696aab4b60098bd8168c3ddf22814b9d09727ec11202d6fd99d7c2f1643bc58,0,0,0,,,0,0,0,0,0,0,0,0,0,,0,0,0,0,,missing,0,0,0,{},True,True,0,
20251127,224,224,0,0,80006,2849,3032,1652,reply_received,149410,132096,99939,42092,3084,256,256,256,5,0,0,0,0,catalog_nonempty,quality_ok,,d2f0057bd4cdd4c7a3c6c2431f6449a72c327284,1696aab4b60098bd8168c3ddf22814b9d09727ec11202d6fd99d7c2f1643bc58,224,224,0,0.0,,3032,149410,513,5,5,5,2778,499,239,True,4365362,4215952,224,224,"{""ok"": 224}",ok,132096,3084,70,{},True,True,5605687,0.0
20251128,111,110,0,0,51802,1446,1527,295,reply_received,56855,47185,34107,22093,1065,33,33,33,0,0,0,0,0,true_zero_catalog,quality_ok,,d2f0057bd4cdd4c7a3c6c2431f6449a72c327284,1696aab4b60098bd8168c3ddf22814b9d09727ec11202d6fd99d7c2f1643bc58,111,111,0,0.0,,1527,56855,66,0,0,0,1391,87,32,True,1461137,1404282,110,110,"{""ok"": 110}",ok,47185,1065,44,"{""no tracklets"": 1}",True,True,1683756,0.0
20251129,140,139,0,0,51977,1643,1682,1057,reply_received,50226,50023,33657,14979,2262,304,304,304,16,0,0,0,0,catalog_nonempty,quality_ok,,d2f0057bd4cdd4c7a3c6c2431f6449a72c327284,1696aab4b60098bd8168c3ddf22814b9d09727ec11202d6fd99d7c2f1643bc58,140,140,0,0.0,,1682,50226,651,16,16,16,1564,319,277,True,1181926,1131700,139,139,"{""ok"": 139}",ok,50023,2262,47,{},True,True,1336817,0.0
20251130,157,157,0,0,59293,524,569,335,reply_received,42759,39845,18829,11826,998,56,48,48,1,0,0,0,0,catalog_nonempty,quality_ok,,d2f0057bd4cdd4c7a3c6c2431f6449a72c327284,1696aab4b60098bd8168c3ddf22814b9d09727ec11202d6fd99d7c2f1643bc58,157,157,0,0.0,,569,42759,155,9,1,1,494,86,47,True,1831481,1788722,157,157,"{""ok"": 157}",ok,39845,998,39,{},True,True,2043152,0.0
20251201,39,39,0,0,10843,443,473,0,matched_without_ades,31116,0,0,0,0,0,0,0,0,0,0,0,0,true_zero_catalog,quality_ok,,d2f0057bd4cdd4c7a3c6c2431f6449a72c327284,1696aab4b60098bd8168c3ddf22814b9d09727ec11202d6fd99d7c2f1643bc58,39,39,0,0.0,,473,31116,0,0,0,0,407,0,0,True,886675,855559,39,39,"{""ok"": 39}",zero_groups,0,0,0,{},True,True,1085845,0.0
20251202,156,156,0,0,35984,682,725,523,reply_received,52694,52694,28418,12435,1502,151,151,151,13,0,0,0,0,catalog_nonempty,quality_ok,,d2f0057bd4cdd4c7a3c6c2431f6449a72c327284,1696aab4b60098bd8168c3ddf22814b9d09727ec11202d6fd99d7c2f1643bc58,156,156,0,0.0,,725,52694,302,13,13,13,670,155,126,True,1122491,1069797,156,156,"{""ok"": 156}",ok,52694,1502,49,{},True,True,1296663,0.0
20251203,424,424,0,0,139830,3339,3526,2345,reply_received,173737,165833,108869,43078,5049,631,631,631,74,1,1,1,1,reply_received,quality_ok,,d2f0057bd4cdd4c7a3c6c2431f6449a72c327284,1696aab4b60098bd8168c3ddf22814b9d09727ec11202d6fd99d7c2f1643bc58,424,424,0,0.0,,3526,173737,1263,74,74,74,3175,735,539,True,6371155,6197418,424,424,"{""ok"": 424}",ok,165833,5049,126,{},True,True,7374633,0.0
20251204,448,448,0,0,138880,2806,3036,1524,reply_received,153757,153757,88603,51178,5681,352,350,350,32,3,3,3,3,reply_received,quality_ok,,d2f0057bd4cdd4c7a3c6c2431f6449a72c327284,1696aab4b60098bd8168c3ddf22814b9d09727ec11202d6fd99d7c2f1643bc58,448,448,0,0.0,,3036,153757,706,34,32,32,2572,474,303,True,10921058,10767301,448,448,"{""ok"": 448}",ok,153757,5681,163,{},True,True,13337485,0.0
20251205,462,462,0,0,110931,1077,1171,669,reply_received,107047,106557,54720,35873,2649,195,190,190,19,0,0,0,0,catalog_nonempty,quality_ok,,d2f0057bd4cdd4c7a3c6c2431f6449a72c327284,1696aab4b60098bd8168c3ddf22814b9d09727ec11202d6fd99d7c2f1643bc58,462,462,0,0.0,,1171,107047,391,24,19,19,1012,203,161,True,6815197,6708150,462,462,"{""ok"": 462}",ok,106557,2649,151,"{""no tracklets"": 1}",True,True,7883884,0.0
20251206,371,360,0,0,137564,4144,4253,3281,reply_received,141363,131475,97320,36503,4818,759,759,759,41,0,0,0,0,catalog_nonempty,quality_ok,,d2f0057bd4cdd4c7a3c6c2431f6449a72c327284,1696aab4b60098bd8168c3ddf22814b9d09727ec11202d6fd99d7c2f1643bc58,371,371,0,0.0,,4253,141363,1526,41,41,41,4016,931,681,True,3505405,3364042,358,360,"{""empty_after_prefilter"": 2, ""ok"": 358}",ok,131475,4818,106,"{""fewer than 2 exposures with sources after common-area cut"": 1}",True,True,4005203,0.0
20251207,493,468,0,0,182408,6328,6561,4974,reply_received,244568,242195,202782,85060,17171,1367,1367,1367,111,2,2,2,2,reply_received,quality_ok,,d2f0057bd4cdd4c7a3c6c2431f6449a72c327284,1696aab4b60098bd8168c3ddf22814b9d09727ec11202d6fd99d7c2f1643bc58,493,493,0,0.0,,6561,244568,2838,111,111,111,6111,1420,1179,True,5950354,5705786,458,468,"{""empty_after_prefilter"": 10, ""ok"": 458}",ok,242195,17171,149,"{""fewer than 2 exposures with sources after common-area cut"": 5}",True,True,6982428,0.0
20251208,382,382,0,0,133243,6022,6183,4301,reply_received,235704,204900,167394,49943,7613,1185,1185,1185,46,3,3,3,3,reply_received,quality_ok,,d2f0057bd4cdd4c7a3c6c2431f6449a72c327284,1696aab4b60098bd8168c3ddf22814b9d09727ec11202d6fd99d7c2f1643bc58,402,382,0,0.0,,6183,235704,2413,46,46,46,5755,1271,1060,True,6555617,6319913,381,382,"{""empty_after_prefilter"": 1, ""ok"": 381}",ok,204900,7613,95,{},True,True,7606506,0.0
20251209,484,474,0,0,176099,6585,6914,4543,reply_received,234816,231987,179669,68214,8115,1257,1257,1257,82,1,1,1,1,reply_received,quality_ok,,d2f0057bd4cdd4c7a3c6c2431f6449a72c327284,1696aab4b60098bd8168c3ddf22814b9d09727ec11202d6fd99d7c2f1643bc58,484,484,0,0.0,,6914,234816,2544,82,82,82,6242,1375,1081,True,12090940,11856124,474,474,"{""ok"": 474}",ok,231987,8115,152,"{""no tracklets"": 1}",True,True,14713968,0.0
20251210,418,417,0,0,133427,7375,7701,5324,reply_received,290975,284065,237599,83068,8437,1426,1426,1426,69,0,0,0,0,catalog_nonempty,quality_ok,,d2f0057bd4cdd4c7a3c6c2431f6449a72c327284,1696aab4b60098bd8168c3ddf22814b9d09727ec11202d6fd99d7c2f1643bc58,418,418,0,0.0,,7701,290975,2936,69,69,69,6832,1571,1275,True,13157512,12866537,417,417,"{""ok"": 417}",ok,284065,8437,134,{},True,True,17123868,0.0
20251211,0,0,0,0,0,0,0,0,not_run,0,0,0,0,0,0,0,0,0,0,0,0,0,not_run,no_strict_raw,,d2f0057bd4cdd4c7a3c6c2431f6449a72c327284,1696aab4b60098bd8168c3ddf22814b9d09727ec11202d6fd99d7c2f1643bc58,0,0,0,,,0,0,0,0,0,0,0,0,0,,0,0,0,0,,missing,0,0,0,{},True,True,0,
20251212,0,0,0,0,0,0,0,0,not_run,0,0,0,0,0,0,0,0,0,0,0,0,0,not_run,no_strict_raw,,d2f0057bd4cdd4c7a3c6c2431f6449a72c327284,1696aab4b60098bd8168c3ddf22814b9d09727ec11202d6fd99d7c2f1643bc58,0,0,0,,,0,0,0,0,0,0,0,0,0,,0,0,0,0,,missing,0,0,0,{},True,True,0,
20251213,441,375,0,0,157148,7344,7816,4706,reply_received,199492,134994,108909,48709,4711,730,730,730,43,0,0,0,0,catalog_nonempty,quality_ok,,d2f0057bd4cdd4c7a3c6c2431f6449a72c327284,1696aab4b60098bd8168c3ddf22814b9d09727ec11202d6fd99d7c2f1643bc58,441,441,0,0.0,,7816,199492,1520,43,43,43,6820,1302,653,True,9697730,9498238,375,375,"{""ok"": 375}",ok,134994,4711,96,"{""no tracklets"": 2}",True,True,12344249,0.0
20251214,268,268,0,0,108319,7087,7279,5079,reply_received,171444,170057,142801,51821,6517,1317,1317,1317,51,1,1,1,1,reply_received,quality_ok,,d2f0057bd4cdd4c7a3c6c2431f6449a72c327284,1696aab4b60098bd8168c3ddf22814b9d09727ec11202d6fd99d7c2f1643bc58,268,268,0,0.0,,7279,171444,2712,51,51,51,6633,1496,1195,True,6128690,5957246,268,268,"{""ok"": 268}",ok,170057,6517,84,"{""no tracklets"": 6}",True,True,7171393,0.0
20251215,444,444,0,0,165680,9771,10149,7290,reply_received,292635,284145,235277,81289,10405,1893,1893,1893,128,1,1,1,1,reply_received,quality_ok,,d2f0057bd4cdd4c7a3c6c2431f6449a72c327284,1696aab4b60098bd8168c3ddf22814b9d09727ec11202d6fd99d7c2f1643bc58,444,444,0,0.0,,10149,292635,3912,128,128,128,9174,2155,1685,True,11870937,11578302,444,444,"{""ok"": 444}",ok,284145,10405,137,{},True,True,14505138,0.0
20251216,431,431,0,0,154876,9635,10082,6655,reply_received,304451,273015,224338,85130,9600,1706,1706,1706,106,1,1,1,1,reply_received,quality_ok,,d2f0057bd4cdd4c7a3c6c2431f6449a72c327284,1696aab4b60098bd8168c3ddf22814b9d09727ec11202d6fd99d7c2f1643bc58,431,431,0,0.0,,10082,304451,3477,106,106,106,8958,1956,1514,True,14021692,13717241,431,431,"{""ok"": 431}",ok,273015,9600,135,{},True,True,18520078,0.0
20251217,443,436,0,0,155643,7683,8151,5259,reply_received,305804,301948,255694,86798,9985,1193,1193,1193,47,3,3,3,3,reply_received,quality_ok,,d2f0057bd4cdd4c7a3c6c2431f6449a72c327284,1696aab4b60098bd8168c3ddf22814b9d09727ec11202d6fd99d7c2f1643bc58,443,443,0,0.0,,8151,305804,2434,47,47,47,6956,1617,1098,True,12907976,12602172,436,436,"{""ok"": 436}",ok,301948,9985,129,{},True,True,16172637,0.0
20251218,0,0,0,0,0,0,0,0,not_run,0,0,0,0,0,0,0,0,0,0,0,0,0,not_run,no_strict_raw,,d2f0057bd4cdd4c7a3c6c2431f6449a72c327284,1696aab4b60098bd8168c3ddf22814b9d09727ec11202d6fd99d7c2f1643bc58,0,0,0,,,0,0,0,0,0,0,0,0,0,,0,0,0,0,,missing,0,0,0,{},True,True,0,
20251219,0,0,0,0,0,0,0,0,not_run,0,0,0,0,0,0,0,0,0,0,0,0,0,not_run,no_strict_raw,,d2f0057bd4cdd4c7a3c6c2431f6449a72c327284,1696aab4b60098bd8168c3ddf22814b9d09727ec11202d6fd99d7c2f1643bc58,0,0,0,,,0,0,0,0,0,0,0,0,0,,0,0,0,0,,missing,0,0,0,{},True,True,0,
20251220,506,506,0,0,198759,12405,13038,7810,reply_received,448723,385239,336709,105361,8130,1252,1252,1252,20,0,0,0,0,catalog_nonempty,quality_ok,,d2f0057bd4cdd4c7a3c6c2431f6449a72c327284,1696aab4b60098bd8168c3ddf22814b9d09727ec11202d6fd99d7c2f1643bc58,506,506,0,0.0,,13038,448723,2513,20,20,20,11282,2456,1171,True,15047337,14598614,506,506,"{""ok"": 506}",ok,385239,8130,149,"{""no tracklets"": 1}",True,True,19569073,0.0
20251221,293,284,0,0,70546,2049,2136,1044,reply_received,187004,177835,151645,47724,3567,316,316,316,38,0,0,0,0,catalog_nonempty,quality_ok,,d2f0057bd4cdd4c7a3c6c2431f6449a72c327284,1696aab4b60098bd8168c3ddf22814b9d09727ec11202d6fd99d7c2f1643bc58,293,293,0,0.0,,2136,187004,632,38,38,38,2003,326,264,True,2650373,2463369,284,284,"{""ok"": 284}",ok,177835,3567,88,"{""no tracklets"": 2}",True,True,2988451,0.0
20251222,0,0,0,0,0,0,0,0,not_run,0,0,0,0,0,0,0,0,0,0,0,0,0,not_run,no_strict_raw,,d2f0057bd4cdd4c7a3c6c2431f6449a72c327284,1696aab4b60098bd8168c3ddf22814b9d09727ec11202d6fd99d7c2f1643bc58,0,0,0,,,0,0,0,0,0,0,0,0,0,,0,0,0,0,,missing,0,0,0,{},True,True,0,
20251223,306,306,0,0,139713,10134,10573,6581,reply_received,305166,254799,224111,68190,7239,1470,1470,1470,53,0,0,0,0,catalog_nonempty,quality_ok,,d2f0057bd4cdd4c7a3c6c2431f6449a72c327284,1696aab4b60098bd8168c3ddf22814b9d09727ec11202d6fd99d7c2f1643bc58,309,306,0,0.0,,10573,305166,2944,53,53,53,9269,2087,1359,True,9287876,8982710,306,306,"{""ok"": 306}",ok,254799,7239,95,"{""no tracklets"": 1}",True,True,11584908,0.0
20251224,0,0,0,0,0,0,0,0,not_run,0,0,0,0,0,0,0,0,0,0,0,0,0,not_run,no_strict_raw,,d2f0057bd4cdd4c7a3c6c2431f6449a72c327284,1696aab4b60098bd8168c3ddf22814b9d09727ec11202d6fd99d7c2f1643bc58,0,0,0,,,0,0,0,0,0,0,0,0,0,,0,0,0,0,,missing,0,0,0,{},True,True,0,
20251225,328,328,0,0,81282,5444,5673,3656,reply_received,345379,313281,281758,79494,7314,841,841,841,67,0,0,0,0,catalog_nonempty,quality_ok,,d2f0057bd4cdd4c7a3c6c2431f6449a72c327284,1696aab4b60098bd8168c3ddf22814b9d09727ec11202d6fd99d7c2f1643bc58,328,328,0,0.0,,5673,345379,1682,67,67,67,5082,1155,731,True,8836770,8491391,328,328,"{""ok"": 328}",ok,313281,7314,109,{},True,True,11138005,0.0
20251226,627,627,0,0,157974,9133,9540,6223,reply_received,556160,554412,481608,132490,111933,1807,1774,1663,0,0,0,0,0,not_run,quarantine_unknown,high_candidate_count_366,d2f0057bd4cdd4c7a3c6c2431f6449a72c327284,1696aab4b60098bd8168c3ddf22814b9d09727ec11202d6fd99d7c2f1643bc58,627,627,0,0.0,,9540,556160,4102,398,366,276,8459,1700,1305,True,16577719,16021559,627,627,"{""ok"": 627}",ok,554412,111933,180,{},True,False,20801100,0.0
20251227,474,474,0,0,125182,6732,7006,4464,reply_received,387627,377177,320640,94139,8409,1184,1183,1183,38,0,0,0,0,catalog_nonempty,quality_ok,,d2f0057bd4cdd4c7a3c6c2431f6449a72c327284,1696aab4b60098bd8168c3ddf22814b9d09727ec11202d6fd99d7c2f1643bc58,474,474,0,0.0,,7006,387627,2387,39,38,38,6355,1404,1106,True,9132437,8744810,474,474,"{""ok"": 474}",ok,377177,8409,148,{},True,True,10698408,0.0
20251228,498,498,0,0,182851,10122,10545,8066,reply_received,499068,499068,439639,114814,14391,1977,1977,1977,181,0,0,0,0,catalog_nonempty,quality_ok,,d2f0057bd4cdd4c7a3c6c2431f6449a72c327284,1696aab4b60098bd8168c3ddf22814b9d09727ec11202d6fd99d7c2f1643bc58,498,498,0,0.0,,10545,499068,5036,181,181,181,9670,2074,1721,True,9664567,9165499,498,498,"{""ok"": 498}",ok,499068,14391,128,{},True,True,11140498,0.0
20251229,471,471,0,0,181142,9371,9710,7261,reply_received,456607,456607,391519,103280,12279,1929,1905,1905,75,0,0,0,0,catalog_nonempty,quality_ok,,d2f0057bd4cdd4c7a3c6c2431f6449a72c327284,1696aab4b60098bd8168c3ddf22814b9d09727ec11202d6fd99d7c2f1643bc58,471,471,0,0.0,,9710,456607,3902,99,75,75,8829,2224,1747,True,9004484,8547877,471,471,"{""ok"": 471}",ok,456607,12279,148,{},True,True,10478372,0.0
20251230,436,427,0,0,131670,3245,3461,2092,reply_received,209375,197515,147252,58273,7945,634,634,634,84,0,0,0,0,catalog_nonempty,quality_ok,,d2f0057bd4cdd4c7a3c6c2431f6449a72c327284,1696aab4b60098bd8168c3ddf22814b9d09727ec11202d6fd99d7c2f1643bc58,436,436,0,0.0,,3461,209375,1269,84,84,84,3172,662,514,True,6268872,6059497,425,427,"{""empty_after_prefilter"": 2, ""ok"": 425}",ok,197515,7945,136,{},True,True,7374585,0.0
20251231,451,451,0,0,113685,2777,2961,1763,reply_received,196518,182120,135428,53815,6130,517,516,516,41,0,0,0,0,catalog_nonempty,quality_ok,,d2f0057bd4cdd4c7a3c6c2431f6449a72c327284,1696aab4b60098bd8168c3ddf22814b9d09727ec11202d6fd99d7c2f1643bc58,451,451,0,0.0,,2961,196518,1067,42,41,41,2767,552,453,True,4680622,4484104,451,451,"{""ok"": 451}",ok,182120,6130,155,{},True,True,5321468,0.0
20260101,444,441,0,0,108836,2269,2355,1404,reply_received,138792,124306,83526,33674,3768,431,429,429,30,0,0,0,0,catalog_nonempty,quality_ok,,d2f0057bd4cdd4c7a3c6c2431f6449a72c327284,1696aab4b60098bd8168c3ddf22814b9d09727ec11202d6fd99d7c2f1643bc58,444,444,0,0.0,,2355,138792,863,32,30,30,2232,448,385,True,3337556,3198764,440,441,"{""empty_after_prefilter"": 1, ""ok"": 440}",ok,124306,3768,149,"{""no tracklets"": 2}",True,True,3765124,0.0
20260102,518,518,0,0,188399,2451,2659,1493,reply_received,147349,134543,77584,43097,5967,448,441,441,43,0,0,0,0,catalog_nonempty,quality_ok,,d2f0057bd4cdd4c7a3c6c2431f6449a72c327284,1696aab4b60098bd8168c3ddf22814b9d09727ec11202d6fd99d7c2f1643bc58,518,518,0,0.0,,2659,147349,908,50,43,43,2451,485,382,True,4873271,4725922,518,518,"{""ok"": 518}",ok,134543,5967,163,{},True,True,5620289,0.0
20260103,118,118,0,0,40207,624,672,336,reply_received,31948,26044,16871,9038,718,79,74,74,1,1,1,1,1,reply_received,quality_ok,,d2f0057bd4cdd4c7a3c6c2431f6449a72c327284,1696aab4b60098bd8168c3ddf22814b9d09727ec11202d6fd99d7c2f1643bc58,118,118,0,0.0,,672,31948,164,6,1,1,624,114,68,True,936585,904637,118,118,"{""ok"": 118}",ok,26044,718,29,{},True,True,1058992,0.0
20260104,497,497,0,0,131978,3863,4059,2852,reply_received,208870,208870,149931,60339,9325,800,800,800,64,0,0,0,0,catalog_nonempty,quality_ok,,d2f0057bd4cdd4c7a3c6c2431f6449a72c327284,1696aab4b60098bd8168c3ddf22814b9d09727ec11202d6fd99d7c2f1643bc58,497,497,0,0.0,,4059,208870,1600,64,64,64,3645,879,699,True,7915128,7706258,497,497,"{""ok"": 497}",ok,208870,9325,162,{},True,True,9138950,0.0
20260105,508,488,0,0,133598,3025,3175,1696,reply_received,209516,199599,156836,63219,10777,499,480,480,42,0,0,0,0,catalog_nonempty,quality_ok,,d2f0057bd4cdd4c7a3c6c2431f6449a72c327284,1696aab4b60098bd8168c3ddf22814b9d09727ec11202d6fd99d7c2f1643bc58,508,508,0,0.0,,3175,209516,1005,61,42,42,2895,525,412,True,6768905,6559389,437,488,"{""empty_after_prefilter"": 51, ""ok"": 437}",ok,199599,10777,155,"{""fewer than 2 exposures with sources after common-area cut"": 16, ""no tracklets"": 1}",True,True,7901691,0.0
20260106,435,432,0,0,159380,2931,3275,1843,reply_received,217315,206144,168057,100530,10270,496,496,496,60,0,0,0,0,catalog_nonempty,quality_ok,,d2f0057bd4cdd4c7a3c6c2431f6449a72c327284,1696aab4b60098bd8168c3ddf22814b9d09727ec11202d6fd99d7c2f1643bc58,435,435,0,0.0,,3275,217315,1021,60,60,60,2720,604,416,True,7948666,7731351,430,432,"{""empty_after_prefilter"": 2, ""ok"": 430}",ok,206144,10270,128,"{""fewer than 2 exposures with sources after common-area cut"": 1}",True,True,10102058,0.0
20260107,464,464,0,0,147139,7352,7770,5105,reply_received,253970,248547,179805,70567,8587,1287,1287,1287,79,0,0,0,0,catalog_nonempty,quality_ok,,d2f0057bd4cdd4c7a3c6c2431f6449a72c327284,1696aab4b60098bd8168c3ddf22814b9d09727ec11202d6fd99d7c2f1643bc58,464,464,0,0.0,,7770,253970,2605,79,79,79,6524,1610,1160,True,13654541,13400571,464,464,"{""ok"": 464}",ok,248547,8587,147,{},True,True,17049861,0.0
20260108,226,226,0,0,81573,3919,4234,2253,reply_received,119399,118858,89037,51054,3581,468,468,468,27,0,0,0,0,catalog_nonempty,quality_ok,,d2f0057bd4cdd4c7a3c6c2431f6449a72c327284,1696aab4b60098bd8168c3ddf22814b9d09727ec11202d6fd99d7c2f1643bc58,226,226,0,0.0,,4234,119399,950,27,27,27,3254,699,415,True,10456250,10336851,226,226,"{""ok"": 226}",ok,118858,3581,69,{},True,True,14012972,0.0
20260109,271,271,0,0,97433,2731,3017,1474,reply_received,166894,151591,123285,55259,3796,353,353,353,17,0,0,0,0,catalog_nonempty,quality_ok,,d2f0057bd4cdd4c7a3c6c2431f6449a72c327284,1696aab4b60098bd8168c3ddf22814b9d09727ec11202d6fd99d7c2f1643bc58,271,271,0,0.0,,3017,166894,797,17,17,17,2583,428,311,True,5195164,5028270,271,271,"{""ok"": 271}",ok,151591,3796,80,{},True,True,6644058,0.0
20260110,392,392,0,0,134043,4516,4992,2563,reply_received,194053,188117,152310,79150,6219,547,547,547,29,0,0,0,0,catalog_nonempty,quality_ok,,d2f0057bd4cdd4c7a3c6c2431f6449a72c327284,1696aab4b60098bd8168c3ddf22814b9d09727ec11202d6fd99d7c2f1643bc58,392,392,0,0.0,,4992,194053,1116,29,29,29,3804,845,499,True,13001993,12807940,392,392,"{""ok"": 392}",ok,188117,6219,122,"{""no tracklets"": 1}",True,True,17637535,0.0
20260111,347,347,0,0,106042,180,419,0,matched_without_ades,251018,238382,205126,105722,7671,378,378,378,0,0,0,0,0,not_run,excluded_primary,upstream_wcs_failure_8_to_11_arcsec,d2f0057bd4cdd4c7a3c6c2431f6449a72c327284,1696aab4b60098bd8168c3ddf22814b9d09727ec11202d6fd99d7c2f1643bc58,347,347,0,0.0,,419,251018,765,378,378,378,9,1,0,True,12707278,12456260,347,347,"{""ok"": 347}",ok,238382,7671,104,{},False,False,18373862,0.0
20260112,271,271,0,0,91060,4900,5459,2887,reply_received,152433,143082,107016,56572,5048,441,440,440,17,1,1,1,1,reply_received,quality_ok,,d2f0057bd4cdd4c7a3c6c2431f6449a72c327284,1696aab4b60098bd8168c3ddf22814b9d09727ec11202d6fd99d7c2f1643bc58,271,271,0,0.0,,5459,152433,897,18,17,17,3707,867,405,True,17318321,17165888,271,271,"{""ok"": 271}",ok,143082,5048,81,{},True,True,25198482,0.0
20260113,0,0,0,0,0,0,0,0,not_run,0,0,0,0,0,0,0,0,0,0,0,0,0,not_run,no_strict_raw,,d2f0057bd4cdd4c7a3c6c2431f6449a72c327284,1696aab4b60098bd8168c3ddf22814b9d09727ec11202d6fd99d7c2f1643bc58,0,0,0,,,0,0,0,0,0,0,0,0,0,,0,0,0,0,,missing,0,0,0,{},True,True,0,
20260114,405,405,0,0,158086,9501,10177,5678,reply_received,386663,358506,307372,103087,10163,1160,1160,1160,62,0,0,0,0,catalog_nonempty,quality_ok,,d2f0057bd4cdd4c7a3c6c2431f6449a72c327284,1696aab4b60098bd8168c3ddf22814b9d09727ec11202d6fd99d7c2f1643bc58,405,405,0,0.0,,10177,386663,2345,62,62,62,7985,1740,1049,True,19567928,19181265,405,405,"{""ok"": 405}",ok,358506,10163,125,{},True,True,27151322,0.0
20260115,413,413,0,0,151260,5072,5572,2749,reply_received,228104,203907,149318,80985,4889,591,591,591,47,0,0,0,0,catalog_nonempty,quality_ok,,d2f0057bd4cdd4c7a3c6c2431f6449a72c327284,1696aab4b60098bd8168c3ddf22814b9d09727ec11202d6fd99d7c2f1643bc58,413,413,0,0.0,,5572,228104,1191,47,47,47,4244,843,524,True,18549808,18321704,413,413,"{""ok"": 413}",ok,203907,4889,128,{},True,True,24343560,0.0
20260116,393,393,0,0,139571,5521,5997,2780,reply_received,290699,274643,232354,83376,6484,666,645,645,41,0,0,0,0,catalog_nonempty,quality_ok,,d2f0057bd4cdd4c7a3c6c2431f6449a72c327284,1696aab4b60098bd8168c3ddf22814b9d09727ec11202d6fd99d7c2f1643bc58,393,393,0,0.0,,5997,290699,1332,62,41,41,4993,885,566,True,9981136,9690437,393,393,"{""ok"": 393}",ok,274643,6484,128,"{""no tracklets"": 1}",True,True,13374587,0.0
20260117,245,245,0,0,81235,1761,1869,988,reply_received,81796,81796,55282,23218,2496,286,278,278,22,0,0,0,0,catalog_nonempty,quality_ok,,d2f0057bd4cdd4c7a3c6c2431f6449a72c327284,1696aab4b60098bd8168c3ddf22814b9d09727ec11202d6fd99d7c2f1643bc58,245,245,0,0.0,,1869,81796,574,30,22,22,1676,313,246,True,3737869,3656073,245,245,"{""ok"": 245}",ok,81796,2496,78,{},True,True,4162844,0.0
20260118,0,0,0,0,0,0,0,0,not_run,0,0,0,0,0,0,0,0,0,0,0,0,0,not_run,no_strict_raw,,d2f0057bd4cdd4c7a3c6c2431f6449a72c327284,1696aab4b60098bd8168c3ddf22814b9d09727ec11202d6fd99d7c2f1643bc58,0,0,0,,,0,0,0,0,0,0,0,0,0,,0,0,0,0,,missing,0,0,0,{},True,True,0,
20260119,456,456,0,0,128302,3819,4081,1271,reply_received,271248,165904,135624,63710,3019,76,75,75,4,0,0,0,0,catalog_nonempty,quality_ok,,d2f0057bd4cdd4c7a3c6c2431f6449a72c327284,1696aab4b60098bd8168c3ddf22814b9d09727ec11202d6fd99d7c2f1643bc58,456,456,0,0.0,,4081,271248,152,5,4,4,3527,400,68,True,8596056,8324808,456,456,"{""ok"": 456}",ok,165904,3019,134,"{""no tracklets"": 2}",True,True,11195025,0.0
20260120,508,508,0,0,91904,3279,3569,1636,reply_received,373090,248247,212438,74316,3821,290,280,280,11,0,0,0,0,catalog_nonempty,quality_ok,,d2f0057bd4cdd4c7a3c6c2431f6449a72c327284,1696aab4b60098bd8168c3ddf22814b9d09727ec11202d6fd99d7c2f1643bc58,508,508,0,0.0,,3569,373090,580,21,11,11,3033,524,253,True,11320409,10947319,508,508,"{""ok"": 508}",ok,248247,3821,127,"{""no tracklets"": 4}",True,True,14768533,0.0
20260121,492,492,0,0,132159,7455,7842,4906,reply_received,476264,459913,406304,109528,9635,1327,1289,1289,65,0,0,0,0,catalog_nonempty,quality_ok,,d2f0057bd4cdd4c7a3c6c2431f6449a72c327284,1696aab4b60098bd8168c3ddf22814b9d09727ec11202d6fd99d7c2f1643bc58,492,492,0,0.0,,7842,476264,2657,103,65,65,6641,1566,1180,True,13039018,12562754,492,492,"{""ok"": 492}",ok,459913,9635,156,{},True,True,17456261,0.0
20260122,501,501,0,0,160040,7876,8253,4806,reply_received,503199,485691,431246,116765,10944,1234,1199,1199,49,0,0,0,0,catalog_nonempty,quality_ok,,d2f0057bd4cdd4c7a3c6c2431f6449a72c327284,1696aab4b60098bd8168c3ddf22814b9d09727ec11202d6fd99d7c2f1643bc58,501,501,0,0.0,,8253,503199,2471,84,49,49,7238,1482,1079,True,10987079,10483880,501,501,"{""ok"": 501}",ok,485691,10944,161,{},True,True,13621391,0.0
20260123,486,486,0,0,187961,9448,9837,4844,reply_received,455634,437556,380889,108359,9685,1200,1163,1163,36,0,0,0,0,catalog_nonempty,quality_ok,,d2f0057bd4cdd4c7a3c6c2431f6449a72c327284,1696aab4b60098bd8168c3ddf22814b9d09727ec11202d6fd99d7c2f1643bc58,486,486,0,0.0,,9837,455634,2409,73,36,36,8490,1502,1083,True,12163062,11707428,486,486,"{""ok"": 486}",ok,437556,9685,174,{},True,True,15241157,0.0
20260124,482,482,0,0,175862,7692,8396,4622,reply_received,348747,347510,281547,107853,8699,926,926,926,45,0,0,0,0,catalog_nonempty,quality_ok,,d2f0057bd4cdd4c7a3c6c2431f6449a72c327284,1696aab4b60098bd8168c3ddf22814b9d09727ec11202d6fd99d7c2f1643bc58,482,482,0,0.0,,8396,348747,1871,45,45,45,6297,1404,843,True,23649678,23300931,482,482,"{""ok"": 482}",ok,347510,8699,157,{},True,True,33372891,0.0
20260125,0,0,0,0,0,0,0,0,not_run,0,0,0,0,0,0,0,0,0,0,0,0,0,not_run,no_strict_raw,,d2f0057bd4cdd4c7a3c6c2431f6449a72c327284,1696aab4b60098bd8168c3ddf22814b9d09727ec11202d6fd99d7c2f1643bc58,0,0,0,,,0,0,0,0,0,0,0,0,0,,0,0,0,0,,missing,0,0,0,{},True,True,0,
20260126,496,496,0,0,159664,7818,8205,5761,reply_received,457719,424637,362449,90292,10141,1279,1279,1279,55,0,0,0,0,catalog_nonempty,quality_ok,,d2f0057bd4cdd4c7a3c6c2431f6449a72c327284,1696aab4b60098bd8168c3ddf22814b9d09727ec11202d6fd99d7c2f1643bc58,496,496,0,0.0,,8205,457719,3401,55,55,55,7187,1500,1145,True,13538603,13080884,496,496,"{""ok"": 496}",ok,424637,10141,132,{},True,True,16900766,0.0
20260127,374,362,0,0,112177,2287,2431,998,reply_received,119972,111062,69215,37648,3370,186,185,185,4,0,0,0,0,catalog_nonempty,quality_ok,,d2f0057bd4cdd4c7a3c6c2431f6449a72c327284,1696aab4b60098bd8168c3ddf22814b9d09727ec11202d6fd99d7c2f1643bc58,374,374,0,0.0,,2431,119972,384,5,4,4,1846,309,179,True,8101829,7981857,358,362,"{""empty_after_prefilter"": 4, ""ok"": 358}",ok,111062,3370,116,"{""no tracklets"": 7}",True,True,10097690,0.0
20260128,34,34,0,0,10597,128,162,6,reply_received,9896,2869,1261,1022,27,0,0,0,0,0,0,0,0,true_zero_catalog,quality_ok,,d2f0057bd4cdd4c7a3c6c2431f6449a72c327284,1696aab4b60098bd8168c3ddf22814b9d09727ec11202d6fd99d7c2f1643bc58,34,34,0,0.0,,162,9896,0,0,0,0,96,2,0,True,1868170,1858274,34,34,"{""ok"": 34}",ok,2869,27,4,{},True,True,2230668,0.0
20260129,319,313,0,0,97949,1179,1282,731,reply_received,77194,74110,39525,25961,3126,209,209,209,18,0,0,0,0,catalog_nonempty,quality_ok,,d2f0057bd4cdd4c7a3c6c2431f6449a72c327284,1696aab4b60098bd8168c3ddf22814b9d09727ec11202d6fd99d7c2f1643bc58,319,319,0,0.0,,1282,77194,422,18,18,18,1039,229,182,True,7790218,7713024,308,313,"{""empty_after_prefilter"": 5, ""ok"": 308}",ok,74110,3126,97,"{""fewer than 2 exposures with sources after common-area cut"": 1, ""no tracklets"": 4}",True,True,9236465,0.0
20260130,0,0,0,0,0,0,0,0,not_run,0,0,0,0,0,0,0,0,0,0,0,0,0,not_run,no_strict_raw,,d2f0057bd4cdd4c7a3c6c2431f6449a72c327284,1696aab4b60098bd8168c3ddf22814b9d09727ec11202d6fd99d7c2f1643bc58,0,0,0,,,0,0,0,0,0,0,0,0,0,,0,0,0,0,,missing,0,0,0,{},True,True,0,
20260131,317,315,0,0,99937,1631,1702,708,reply_received,108144,92998,62619,24417,2271,222,213,213,6,0,0,0,0,catalog_nonempty,quality_ok,,d2f0057bd4cdd4c7a3c6c2431f6449a72c327284,1696aab4b60098bd8168c3ddf22814b9d09727ec11202d6fd99d7c2f1643bc58,317,317,0,0.0,,1702,108144,447,15,6,6,1580,238,199,True,3421184,3313040,315,315,"{""ok"": 315}",ok,92998,2271,97,{},True,True,3867489,0.0
20260201,292,285,0,0,100115,1066,1157,463,reply_received,77053,54052,29957,18837,3044,134,134,134,17,0,0,0,0,catalog_nonempty,quality_ok,,d2f0057bd4cdd4c7a3c6c2431f6449a72c327284,1696aab4b60098bd8168c3ddf22814b9d09727ec11202d6fd99d7c2f1643bc58,292,292,0,0.0,,1157,77053,269,17,17,17,1027,159,112,True,2402179,2325126,283,285,"{""empty_after_prefilter"": 2, ""ok"": 283}",ok,54052,3044,77,"{""no tracklets"": 4}",True,True,2835825,0.0
20260202,493,493,0,0,169185,3216,3448,1868,reply_received,149573,149573,86405,49561,7525,520,517,517,54,0,0,0,0,catalog_nonempty,quality_ok,,d2f0057bd4cdd4c7a3c6c2431f6449a72c327284,1696aab4b60098bd8168c3ddf22814b9d09727ec11202d6fd99d7c2f1643bc58,493,493,0,0.0,,3448,149573,1046,57,54,54,2903,573,440,True,9318742,9169169,493,493,"{""ok"": 493}",ok,149573,7525,173,{},True,True,11097611,0.0
20260203,0,0,0,0,0,0,0,0,not_run,0,0,0,0,0,0,0,0,0,0,0,0,0,not_run,no_strict_raw,,d2f0057bd4cdd4c7a3c6c2431f6449a72c327284,1696aab4b60098bd8168c3ddf22814b9d09727ec11202d6fd99d7c2f1643bc58,0,0,0,,,0,0,0,0,0,0,0,0,0,,0,0,0,0,,missing,0,0,0,{},True,True,0,
20260204,0,0,0,0,0,0,0,0,not_run,0,0,0,0,0,0,0,0,0,0,0,0,0,not_run,no_strict_raw,,d2f0057bd4cdd4c7a3c6c2431f6449a72c327284,1696aab4b60098bd8168c3ddf22814b9d09727ec11202d6fd99d7c2f1643bc58,0,0,0,,,0,0,0,0,0,0,0,0,0,,0,0,0,0,,missing,0,0,0,{},True,True,0,
20260205,287,286,0,0,87895,1876,2208,907,reply_received,200034,196820,163570,80090,3764,178,178,178,14,2,2,2,2,reply_received,quality_ok,,d2f0057bd4cdd4c7a3c6c2431f6449a72c327284,1696aab4b60098bd8168c3ddf22814b9d09727ec11202d6fd99d7c2f1643bc58,287,287,0,0.0,,2208,200034,357,14,14,14,1402,324,155,True,12368743,12168709,286,286,"{""ok"": 286}",ok,196820,3764,92,"{""no tracklets"": 4}",True,True,18586281,0.0
20260206,240,240,0,0,74943,2574,2927,1497,reply_received,168323,166529,135761,60016,3273,299,299,299,14,1,1,1,1,reply_received,quality_ok,,d2f0057bd4cdd4c7a3c6c2431f6449a72c327284,1696aab4b60098bd8168c3ddf22814b9d09727ec11202d6fd99d7c2f1643bc58,240,240,0,0.0,,2927,168323,600,14,14,14,1972,495,275,True,12824726,12656403,240,240,"{""ok"": 240}",ok,166529,3273,75,{},True,True,19172615,0.0
20260207,495,495,0,0,165113,5602,6128,3724,reply_received,341774,332691,277948,100681,8024,977,977,977,51,6,6,6,6,reply_received,quality_ok,,d2f0057bd4cdd4c7a3c6c2431f6449a72c327284,1696aab4b60098bd8168c3ddf22814b9d09727ec11202d6fd99d7c2f1643bc58,495,495,0,0.0,,6128,341774,1989,51,51,51,4927,1211,869,True,17316845,16975071,495,495,"{""ok"": 495}",ok,332691,8024,149,{},True,True,24646506,0.0
20260208,489,489,0,0,178174,8683,9212,5735,reply_received,447849,435793,377015,121779,11307,1504,1504,1504,92,3,3,3,3,reply_received,quality_ok,,d2f0057bd4cdd4c7a3c6c2431f6449a72c327284,1696aab4b60098bd8168c3ddf22814b9d09727ec11202d6fd99d7c2f1643bc58,489,489,0,0.0,,9212,447849,3047,92,92,92,7737,1794,1338,True,18499389,18051540,489,489,"{""ok"": 489}",ok,435793,11307,156,{},True,True,25541084,0.0
20260209,1,0,0,0,0,0,0,0,not_run,0,0,0,0,0,0,0,0,0,0,0,0,0,not_run,raw_without_l2;l2_missing,missing_l2,d2f0057bd4cdd4c7a3c6c2431f6449a72c327284,1696aab4b60098bd8168c3ddf22814b9d09727ec11202d6fd99d7c2f1643bc58,1,1,0,0.0,,0,0,0,0,0,0,0,0,0,,0,0,0,0,,missing,0,0,0,{},True,True,0,
20260210,140,140,0,0,52862,3858,4027,2457,reply_received,159392,157784,139189,38330,3874,567,567,567,23,1,1,1,1,reply_received,quality_ok,,d2f0057bd4cdd4c7a3c6c2431f6449a72c327284,1696aab4b60098bd8168c3ddf22814b9d09727ec11202d6fd99d7c2f1643bc58,140,140,0,0.0,,4027,159392,1144,23,23,23,3476,754,516,True,5766996,5607604,140,140,"{""ok"": 140}",ok,157784,3874,53,{},True,True,7109665,0.0
20260211,416,416,0,0,140230,8751,9051,5973,reply_received,455023,447769,399690,104229,10268,1559,1559,1559,81,0,0,0,0,catalog_nonempty,quality_ok,,d2f0057bd4cdd4c7a3c6c2431f6449a72c327284,1696aab4b60098bd8168c3ddf22814b9d09727ec11202d6fd99d7c2f1643bc58,416,416,0,0.0,,9051,455023,3178,81,81,81,8238,1819,1408,True,9648030,9193007,416,416,"{""ok"": 416}",ok,447769,10268,145,{},True,True,11425336,0.0
20260212,289,289,0,0,103689,4914,5051,1150,reply_received,267395,265043,234719,87545,4229,169,169,169,15,0,0,0,0,catalog_nonempty,quality_ok,,d2f0057bd4cdd4c7a3c6c2431f6449a72c327284,1696aab4b60098bd8168c3ddf22814b9d09727ec11202d6fd99d7c2f1643bc58,289,289,0,0.0,,5051,267395,351,15,15,15,4443,351,147,True,5470164,5202769,289,289,"{""ok"": 289}",ok,265043,4229,111,"{""no tracklets"": 1}",True,True,6269386,0.0
20260213,394,394,0,0,138501,7967,8255,5747,reply_received,365127,350668,309311,85170,9498,1596,1596,1596,107,1,1,1,1,reply_received,quality_ok,,d2f0057bd4cdd4c7a3c6c2431f6449a72c327284,1696aab4b60098bd8168c3ddf22814b9d09727ec11202d6fd99d7c2f1643bc58,394,394,0,0.0,,8255,365127,3222,107,107,107,7493,1787,1416,True,9152209,8787082,394,394,"{""ok"": 394}",ok,350668,9498,117,{},True,True,10576362,0.0
20260214,0,0,0,0,0,0,0,0,not_run,0,0,0,0,0,0,0,0,0,0,0,0,0,not_run,no_strict_raw,,d2f0057bd4cdd4c7a3c6c2431f6449a72c327284,1696aab4b60098bd8168c3ddf22814b9d09727ec11202d6fd99d7c2f1643bc58,0,0,0,,,0,0,0,0,0,0,0,0,0,,0,0,0,0,,missing,0,0,0,{},True,True,0,
20260215,461,461,0,0,150050,6753,7069,4275,reply_received,345908,321627,276482,80905,7805,1129,1129,1129,42,0,0,0,0,catalog_nonempty,quality_ok,,d2f0057bd4cdd4c7a3c6c2431f6449a72c327284,1696aab4b60098bd8168c3ddf22814b9d09727ec11202d6fd99d7c2f1643bc58,461,461,0,0.0,,7069,345908,2258,42,42,42,6537,1337,1030,True,7545039,7199131,461,461,"{""ok"": 461}",ok,321627,7805,143,{},True,True,8505597,0.0
20260216,482,482,0,0,174240,12203,12582,8713,reply_received,610845,569069,515496,132858,14003,2183,2183,2183,70,2,2,2,2,reply_received,quality_ok,,d2f0057bd4cdd4c7a3c6c2431f6449a72c327284,1696aab4b60098bd8168c3ddf22814b9d09727ec11202d6fd99d7c2f1643bc58,482,482,0,0.0,,12582,610845,4593,70,70,70,11579,2462,1986,True,9395685,8784840,482,482,"{""ok"": 482}",ok,569069,14003,145,{},True,True,10785717,0.0
20260217,486,486,0,0,154147,9335,9704,6307,reply_received,513091,503204,452276,125921,12545,1832,1832,1832,127,0,0,0,0,catalog_nonempty,quality_ok,,d2f0057bd4cdd4c7a3c6c2431f6449a72c327284,1696aab4b60098bd8168c3ddf22814b9d09727ec11202d6fd99d7c2f1643bc58,486,486,0,0.0,,9704,513091,3695,127,127,127,8939,2030,1611,True,9033516,8520425,486,486,"{""ok"": 486}",ok,503204,12545,155,{},True,True,10198530,0.0
20260218,497,497,0,0,161610,8367,8815,5487,reply_received,508827,473993,418585,118417,11004,1520,1502,1502,67,0,0,0,0,catalog_nonempty,quality_ok,,d2f0057bd4cdd4c7a3c6c2431f6449a72c327284,1696aab4b60098bd8168c3ddf22814b9d09727ec11202d6fd99d7c2f1643bc58,497,497,0,0.0,,8815,508827,3040,85,67,67,7674,1818,1373,True,12601777,12092950,497,497,"{""ok"": 497}",ok,473993,11004,157,{},True,True,16515945,0.0
20260219,278,278,0,0,114937,6048,6211,3474,reply_received,228444,211124,180155,55660,6256,942,942,942,91,0,0,0,0,catalog_nonempty,quality_ok,,d2f0057bd4cdd4c7a3c6c2431f6449a72c327284,1696aab4b60098bd8168c3ddf22814b9d09727ec11202d6fd99d7c2f1643bc58,278,278,0,0.0,,6211,228444,1884,91,91,91,5754,1063,803,True,5474758,5246314,278,278,"{""ok"": 278}",ok,211124,6256,91,{},True,True,6196488,0.0
20260220,462,462,0,0,126746,3305,3531,0,matched_without_ades,226113,211140,160119,75080,5546,571,558,558,28,0,0,0,0,catalog_nonempty,quality_ok,,d2f0057bd4cdd4c7a3c6c2431f6449a72c327284,1696aab4b60098bd8168c3ddf22814b9d09727ec11202d6fd99d7c2f1643bc58,462,462,0,0.0,,3531,226113,1144,41,28,28,3082,610,501,True,12218632,11992519,462,462,"{""ok"": 462}",ok,211140,5546,139,{},True,True,14539462,0.0
20260221,0,0,0,0,0,0,0,0,not_run,0,0,0,0,0,0,0,0,0,0,0,0,0,not_run,no_strict_raw,,d2f0057bd4cdd4c7a3c6c2431f6449a72c327284,1696aab4b60098bd8168c3ddf22814b9d09727ec11202d6fd99d7c2f1643bc58,0,0,0,,,0,0,0,0,0,0,0,0,0,,0,0,0,0,,missing,0,0,0,{},True,True,0,
20260222,429,429,0,0,145211,7286,7672,4574,reply_received,491640,412103,364598,95027,8141,1295,1295,1295,49,0,0,0,0,catalog_nonempty,quality_ok,,d2f0057bd4cdd4c7a3c6c2431f6449a72c327284,1696aab4b60098bd8168c3ddf22814b9d09727ec11202d6fd99d7c2f1643bc58,429,429,0,0.0,,7672,491640,2609,49,49,49,6818,1433,1171,True,11683846,11192206,429,429,"{""ok"": 429}",ok,412103,8141,128,{},True,True,14557859,0.0
20260223,84,84,0,0,29100,1939,1986,996,reply_received,115756,74965,70017,17427,1436,284,284,284,2,0,0,0,0,catalog_nonempty,quality_ok,,d2f0057bd4cdd4c7a3c6c2431f6449a72c327284,1696aab4b60098bd8168c3ddf22814b9d09727ec11202d6fd99d7c2f1643bc58,84,84,0,0.0,,1986,115756,598,2,2,2,1866,308,273,True,1159501,1043745,84,84,"{""ok"": 84}",ok,74965,1436,13,{},True,True,1294699,0.0
20260224,47,47,0,0,20538,426,442,37,reply_received,11608,9198,5024,3171,303,0,0,0,0,0,0,0,0,true_zero_catalog,quality_ok,,d2f0057bd4cdd4c7a3c6c2431f6449a72c327284,1696aab4b60098bd8168c3ddf22814b9d09727ec11202d6fd99d7c2f1643bc58,47,47,0,0.0,,442,11608,0,0,0,0,412,11,0,True,669087,657479,47,47,"{""ok"": 47}",ok,9198,303,18,{},True,True,735211,0.0
20260225,0,0,0,0,0,0,0,0,not_run,0,0,0,0,0,0,0,0,0,0,0,0,0,not_run,no_strict_raw,,d2f0057bd4cdd4c7a3c6c2431f6449a72c327284,1696aab4b60098bd8168c3ddf22814b9d09727ec11202d6fd99d7c2f1643bc58,0,0,0,,,0,0,0,0,0,0,0,0,0,,0,0,0,0,,missing,0,0,0,{},True,True,0,
20260226,0,0,0,0,0,0,0,0,not_run,0,0,0,0,0,0,0,0,0,0,0,0,0,not_run,no_strict_raw,,d2f0057bd4cdd4c7a3c6c2431f6449a72c327284,1696aab4b60098bd8168c3ddf22814b9d09727ec11202d6fd99d7c2f1643bc58,0,0,0,,,0,0,0,0,0,0,0,0,0,,0,0,0,0,,missing,0,0,0,{},True,True,0,
20260227,0,0,0,0,0,0,0,0,not_run,0,0,0,0,0,0,0,0,0,0,0,0,0,not_run,no_strict_raw,,d2f0057bd4cdd4c7a3c6c2431f6449a72c327284,1696aab4b60098bd8168c3ddf22814b9d09727ec11202d6fd99d7c2f1643bc58,0,0,0,,,0,0,0,0,0,0,0,0,0,,0,0,0,0,,missing,0,0,0,{},True,True,0,
20260228,0,0,0,0,0,0,0,0,not_run,0,0,0,0,0,0,0,0,0,0,0,0,0,not_run,no_strict_raw,,d2f0057bd4cdd4c7a3c6c2431f6449a72c327284,1696aab4b60098bd8168c3ddf22814b9d09727ec11202d6fd99d7c2f1643bc58,0,0,0,,,0,0,0,0,0,0,0,0,0,,0,0,0,0,,missing,0,0,0,{},True,True,0,
20260301,0,0,0,0,0,0,0,0,not_run,0,0,0,0,0,0,0,0,0,0,0,0,0,not_run,no_strict_raw,,d2f0057bd4cdd4c7a3c6c2431f6449a72c327284,1696aab4b60098bd8168c3ddf22814b9d09727ec11202d6fd99d7c2f1643bc58,0,0,0,,,0,0,0,0,0,0,0,0,0,,0,0,0,0,,missing,0,0,0,{},True,True,0,
20260302,0,0,0,0,0,0,0,0,not_run,0,0,0,0,0,0,0,0,0,0,0,0,0,not_run,no_strict_raw,,d2f0057bd4cdd4c7a3c6c2431f6449a72c327284,1696aab4b60098bd8168c3ddf22814b9d09727ec11202d6fd99d7c2f1643bc58,0,0,0,,,0,0,0,0,0,0,0,0,0,,0,0,0,0,,missing,0,0,0,{},True,True,0,
20260303,185,184,0,0,62213,1895,1976,1054,reply_received,86565,85120,56795,25833,2807,261,261,261,9,0,0,0,0,catalog_nonempty,quality_ok,,d2f0057bd4cdd4c7a3c6c2431f6449a72c327284,1696aab4b60098bd8168c3ddf22814b9d09727ec11202d6fd99d7c2f1643bc58,185,185,0,0.0,,1976,86565,526,9,9,9,1800,311,237,True,3178489,3091924,184,184,"{""ok"": 184}",ok,85120,2807,61,"{""no tracklets"": 3}",True,True,3605888,0.0
20260304,0,0,0,0,0,0,0,0,not_run,0,0,0,0,0,0,0,0,0,0,0,0,0,not_run,no_strict_raw,,d2f0057bd4cdd4c7a3c6c2431f6449a72c327284,1696aab4b60098bd8168c3ddf22814b9d09727ec11202d6fd99d7c2f1643bc58,0,0,0,,,0,0,0,0,0,0,0,0,0,,0,0,0,0,,missing,0,0,0,{},True,True,0,
20260305,0,0,0,0,0,0,0,0,not_run,0,0,0,0,0,0,0,0,0,0,0,0,0,not_run,no_strict_raw,,d2f0057bd4cdd4c7a3c6c2431f6449a72c327284,1696aab4b60098bd8168c3ddf22814b9d09727ec11202d6fd99d7c2f1643bc58,0,0,0,,,0,0,0,0,0,0,0,0,0,,0,0,0,0,,missing,0,0,0,{},True,True,0,
20260306,313,313,0,0,87107,2553,2759,1046,reply_received,146657,135516,98230,45399,3297,235,232,232,9,0,0,0,0,catalog_nonempty,quality_ok,,d2f0057bd4cdd4c7a3c6c2431f6449a72c327284,1696aab4b60098bd8168c3ddf22814b9d09727ec11202d6fd99d7c2f1643bc58,313,313,0,0.0,,2759,146657,475,12,9,9,2250,320,216,True,12604777,12458120,313,313,"{""ok"": 313}",ok,135516,3297,108,{},True,True,16385534,0.0
20260307,0,0,0,0,0,0,0,0,not_run,0,0,0,0,0,0,0,0,0,0,0,0,0,not_run,no_strict_raw,,d2f0057bd4cdd4c7a3c6c2431f6449a72c327284,1696aab4b60098bd8168c3ddf22814b9d09727ec11202d6fd99d7c2f1643bc58,0,0,0,,,0,0,0,0,0,0,0,0,0,,0,0,0,0,,missing,0,0,0,{},True,True,0,
20260308,235,234,0,0,52060,1619,1732,884,reply_received,131852,123140,91994,39687,3198,242,240,240,15,0,0,0,0,catalog_nonempty,quality_ok,,d2f0057bd4cdd4c7a3c6c2431f6449a72c327284,1696aab4b60098bd8168c3ddf22814b9d09727ec11202d6fd99d7c2f1643bc58,235,235,0,0.0,,1732,131852,494,17,15,15,1472,271,209,True,8975526,8843674,234,234,"{""ok"": 234}",ok,123140,3198,75,"{""no tracklets"": 1}",True,True,11821656,0.0
20260309,182,182,0,0,61796,1087,1136,819,reply_received,50853,50853,32354,13395,1424,216,216,216,8,1,1,1,1,reply_received,quality_ok,,d2f0057bd4cdd4c7a3c6c2431f6449a72c327284,1696aab4b60098bd8168c3ddf22814b9d09727ec11202d6fd99d7c2f1643bc58,182,182,0,0.0,,1136,50853,535,8,8,8,1055,221,194,True,1504673,1453820,182,182,"{""ok"": 182}",ok,50853,1424,49,{},True,True,1645796,0.0
20260310,457,457,0,0,137732,6791,6965,4934,reply_received,382516,377035,328288,92717,9213,1360,1360,1360,87,2,2,2,2,reply_received,quality_ok,,d2f0057bd4cdd4c7a3c6c2431f6449a72c327284,1696aab4b60098bd8168c3ddf22814b9d09727ec11202d6fd99d7c2f1643bc58,457,457,0,0.0,,6965,382516,2778,87,87,87,6374,1483,1203,True,7411500,7028984,457,457,"{""ok"": 457}",ok,377035,9213,147,{},True,True,8284844,0.0
20260311,408,408,0,0,128380,6973,7119,5090,reply_received,350829,350829,310847,86773,9031,1367,1367,1367,69,1,1,1,1,reply_received,quality_ok,,d2f0057bd4cdd4c7a3c6c2431f6449a72c327284,1696aab4b60098bd8168c3ddf22814b9d09727ec11202d6fd99d7c2f1643bc58,408,408,0,0.0,,7119,350829,2751,69,69,69,6402,1517,1226,True,6058225,5707396,408,408,"{""ok"": 408}",ok,350829,9031,135,{},True,True,6817646,0.0
20260312,335,0,0,0,0,0,0,0,not_run,0,0,0,0,0,0,0,0,0,0,0,0,0,not_run,raw_without_l2;l2_missing,missing_l2,d2f0057bd4cdd4c7a3c6c2431f6449a72c327284,1696aab4b60098bd8168c3ddf22814b9d09727ec11202d6fd99d7c2f1643bc58,335,335,0,0.0,,0,0,0,0,0,0,0,0,0,,0,0,0,0,,missing,0,0,0,{},True,True,0,
20260313,0,0,0,0,0,0,0,0,not_run,0,0,0,0,0,0,0,0,0,0,0,0,0,not_run,no_strict_raw,,d2f0057bd4cdd4c7a3c6c2431f6449a72c327284,1696aab4b60098bd8168c3ddf22814b9d09727ec11202d6fd99d7c2f1643bc58,0,0,0,,,0,0,0,0,0,0,0,0,0,,0,0,0,0,,missing,0,0,0,{},True,True,0,
20260314,0,0,0,0,0,0,0,0,not_run,0,0,0,0,0,0,0,0,0,0,0,0,0,not_run,no_strict_raw,,d2f0057bd4cdd4c7a3c6c2431f6449a72c327284,1696aab4b60098bd8168c3ddf22814b9d09727ec11202d6fd99d7c2f1643bc58,0,0,0,,,0,0,0,0,0,0,0,0,0,,0,0,0,0,,missing,0,0,0,{},True,True,0,
20260315,127,127,0,0,54901,2244,2284,1308,reply_received,81666,79843,67388,25293,2167,311,311,311,5,0,0,0,0,catalog_nonempty,quality_ok,,d2f0057bd4cdd4c7a3c6c2431f6449a72c327284,1696aab4b60098bd8168c3ddf22814b9d09727ec11202d6fd99d7c2f1643bc58,127,127,0,0.0,,2284,81666,622,5,5,5,2137,401,296,True,1139466,1057800,127,127,"{""ok"": 127}",ok,79843,2167,44,{},True,True,1259275,0.0
20260316,140,140,0,0,61342,2477,2539,1391,reply_received,96775,82106,68168,24456,2335,380,380,380,16,0,0,0,0,catalog_nonempty,quality_ok,,d2f0057bd4cdd4c7a3c6c2431f6449a72c327284,1696aab4b60098bd8168c3ddf22814b9d09727ec11202d6fd99d7c2f1643bc58,140,140,0,0.0,,2539,96775,771,16,16,16,2410,423,347,True,1360582,1263807,140,140,"{""ok"": 140}",ok,82106,2335,43,{},True,True,1498680,0.0
20260317,0,0,0,0,0,0,0,0,not_run,0,0,0,0,0,0,0,0,0,0,0,0,0,not_run,no_strict_raw,,d2f0057bd4cdd4c7a3c6c2431f6449a72c327284,1696aab4b60098bd8168c3ddf22814b9d09727ec11202d6fd99d7c2f1643bc58,0,0,0,,,0,0,0,0,0,0,0,0,0,,0,0,0,0,,missing,0,0,0,{},True,True,0,
20260318,99,93,0,0,43773,3318,3390,2239,reply_received,159795,135918,126334,28060,3472,647,647,647,18,0,0,0,0,catalog_nonempty,quality_ok,,d2f0057bd4cdd4c7a3c6c2431f6449a72c327284,1696aab4b60098bd8168c3ddf22814b9d09727ec11202d6fd99d7c2f1643bc58,99,99,0,0.0,,3390,159795,1298,18,18,18,3230,690,596,True,1155837,996042,93,93,"{""ok"": 93}",ok,135918,3472,26,{},True,True,1271043,0.0
20260319,0,0,0,0,0,0,0,0,not_run,0,0,0,0,0,0,0,0,0,0,0,0,0,not_run,no_strict_raw,,d2f0057bd4cdd4c7a3c6c2431f6449a72c327284,1696aab4b60098bd8168c3ddf22814b9d09727ec11202d6fd99d7c2f1643bc58,0,0,0,,,0,0,0,0,0,0,0,0,0,,0,0,0,0,,missing,0,0,0,{},True,True,0,
20260320,0,0,0,0,0,0,0,0,not_run,0,0,0,0,0,0,0,0,0,0,0,0,0,not_run,no_strict_raw,,d2f0057bd4cdd4c7a3c6c2431f6449a72c327284,1696aab4b60098bd8168c3ddf22814b9d09727ec11202d6fd99d7c2f1643bc58,0,0,0,,,0,0,0,0,0,0,0,0,0,,0,0,0,0,,missing,0,0,0,{},True,True,0,
20260321,0,0,0,0,0,0,0,0,not_run,0,0,0,0,0,0,0,0,0,0,0,0,0,not_run,no_strict_raw,,d2f0057bd4cdd4c7a3c6c2431f6449a72c327284,1696aab4b60098bd8168c3ddf22814b9d09727ec11202d6fd99d7c2f1643bc58,0,0,0,,,0,0,0,0,0,0,0,0,0,,0,0,0,0,,missing,0,0,0,{},True,True,0,
20260322,0,0,0,0,0,0,0,0,not_run,0,0,0,0,0,0,0,0,0,0,0,0,0,not_run,no_strict_raw,,d2f0057bd4cdd4c7a3c6c2431f6449a72c327284,1696aab4b60098bd8168c3ddf22814b9d09727ec11202d6fd99d7c2f1643bc58,0,0,0,,,0,0,0,0,0,0,0,0,0,,0,0,0,0,,missing,0,0,0,{},True,True,0,
20260323,0,0,0,0,0,0,0,0,not_run,0,0,0,0,0,0,0,0,0,0,0,0,0,not_run,no_strict_raw,,d2f0057bd4cdd4c7a3c6c2431f6449a72c327284,1696aab4b60098bd8168c3ddf22814b9d09727ec11202d6fd99d7c2f1643bc58,0,0,0,,,0,0,0,0,0,0,0,0,0,,0,0,0,0,,missing,0,0,0,{},True,True,0,
20260324,0,0,0,0,0,0,0,0,not_run,0,0,0,0,0,0,0,0,0,0,0,0,0,not_run,no_strict_raw,,d2f0057bd4cdd4c7a3c6c2431f6449a72c327284,1696aab4b60098bd8168c3ddf22814b9d09727ec11202d6fd99d7c2f1643bc58,0,0,0,,,0,0,0,0,0,0,0,0,0,,0,0,0,0,,missing,0,0,0,{},True,True,0,
20260325,0,0,0,0,0,0,0,0,not_run,0,0,0,0,0,0,0,0,0,0,0,0,0,not_run,no_strict_raw,,d2f0057bd4cdd4c7a3c6c2431f6449a72c327284,1696aab4b60098bd8168c3ddf22814b9d09727ec11202d6fd99d7c2f1643bc58,0,0,0,,,0,0,0,0,0,0,0,0,0,,0,0,0,0,,missing,0,0,0,{},True,True,0,
20260326,0,0,0,0,0,0,0,0,not_run,0,0,0,0,0,0,0,0,0,0,0,0,0,not_run,no_strict_raw,,d2f0057bd4cdd4c7a3c6c2431f6449a72c327284,1696aab4b60098bd8168c3ddf22814b9d09727ec11202d6fd99d7c2f1643bc58,0,0,0,,,0,0,0,0,0,0,0,0,0,,0,0,0,0,,missing,0,0,0,{},True,True,0,
20260327,0,0,0,0,0,0,0,0,not_run,0,0,0,0,0,0,0,0,0,0,0,0,0,not_run,no_strict_raw,,d2f0057bd4cdd4c7a3c6c2431f6449a72c327284,1696aab4b60098bd8168c3ddf22814b9d09727ec11202d6fd99d7c2f1643bc58,0,0,0,,,0,0,0,0,0,0,0,0,0,,0,0,0,0,,missing,0,0,0,{},True,True,0,
20260328,0,0,0,0,0,0,0,0,not_run,0,0,0,0,0,0,0,0,0,0,0,0,0,not_run,no_strict_raw,,d2f0057bd4cdd4c7a3c6c2431f6449a72c327284,1696aab4b60098bd8168c3ddf22814b9d09727ec11202d6fd99d7c2f1643bc58,0,0,0,,,0,0,0,0,0,0,0,0,0,,0,0,0,0,,missing,0,0,0,{},True,True,0,
20260329,0,0,579,0,0,0,0,0,not_run,0,0,0,0,0,0,0,0,0,0,0,0,0,not_run,no_strict_raw,,d2f0057bd4cdd4c7a3c6c2431f6449a72c327284,1696aab4b60098bd8168c3ddf22814b9d09727ec11202d6fd99d7c2f1643bc58,0,0,579,,0.0,0,0,0,0,0,0,0,0,0,,0,0,0,0,,missing,0,0,0,{},True,True,0,
20260330,308,304,414,243,107231,1175,1264,728,reply_received,60075,56198,25404,18576,1378,173,173,173,9,0,0,0,0,catalog_nonempty,quality_ok,,d2f0057bd4cdd4c7a3c6c2431f6449a72c327284,1696aab4b60098bd8168c3ddf22814b9d09727ec11202d6fd99d7c2f1643bc58,308,65,171,0.788961038961039,0.5869565217391305,1264,60075,443,9,9,9,1037,193,155,True,5032449,4972374,301,304,"{""empty_after_prefilter"": 3, ""ok"": 301}",ok,56198,1378,88,"{""fewer than 2 exposures with sources after common-area cut"": 2, ""no tracklets"": 7}",True,True,5742076,0.0
20260331,342,342,414,306,108017,1736,1803,1549,reply_received,73104,73104,34692,19660,2657,250,250,250,28,0,0,0,0,catalog_nonempty,quality_ok,,d2f0057bd4cdd4c7a3c6c2431f6449a72c327284,1696aab4b60098bd8168c3ddf22814b9d09727ec11202d6fd99d7c2f1643bc58,342,36,108,0.8947368421052632,0.7391304347826086,1803,73104,1105,28,28,28,1600,259,205,True,4076682,4003578,342,342,"{""ok"": 342}",ok,73104,2657,64,{},True,True,4620882,0.0
20260401,365,363,411,326,118218,1188,1274,974,reply_received,64324,64324,30173,18695,1789,188,188,188,19,0,0,0,0,catalog_nonempty,quality_ok,,d2f0057bd4cdd4c7a3c6c2431f6449a72c327284,1696aab4b60098bd8168c3ddf22814b9d09727ec11202d6fd99d7c2f1643bc58,365,39,85,0.8931506849315068,0.7931873479318735,1274,64324,569,19,19,19,1096,211,155,True,3854787,3790463,361,363,"{""empty_after_prefilter"": 2, ""ok"": 361}",ok,64324,1789,76,{},True,True,4329214,0.0
20260402,0,0,408,0,0,0,0,0,not_run,0,0,0,0,0,0,0,0,0,0,0,0,0,not_run,no_strict_raw,,d2f0057bd4cdd4c7a3c6c2431f6449a72c327284,1696aab4b60098bd8168c3ddf22814b9d09727ec11202d6fd99d7c2f1643bc58,0,0,408,,0.0,0,0,0,0,0,0,0,0,0,,0,0,0,0,,missing,0,0,0,{},True,True,0,
20260403,232,232,405,185,74900,1804,1916,1240,reply_received,90443,79980,52495,26527,2068,302,302,302,15,0,0,0,0,catalog_nonempty,quality_ok,,d2f0057bd4cdd4c7a3c6c2431f6449a72c327284,1696aab4b60098bd8168c3ddf22814b9d09727ec11202d6fd99d7c2f1643bc58,232,47,220,0.7974137931034483,0.4567901234567901,1916,90443,795,15,15,15,1727,322,275,True,6343801,6253358,232,232,"{""ok"": 232}",ok,79980,2068,49,{},True,True,7349508,0.0
20260404,74,74,405,74,32075,796,826,611,reply_received,29628,29009,21627,7096,729,117,117,117,2,0,0,0,0,catalog_nonempty,quality_ok,,d2f0057bd4cdd4c7a3c6c2431f6449a72c327284,1696aab4b60098bd8168c3ddf22814b9d09727ec11202d6fd99d7c2f1643bc58,74,0,331,1.0,0.18271604938271604,826,29628,240,2,2,2,787,189,111,True,777468,747840,74,74,"{""ok"": 74}",ok,29009,729,22,{},True,True,849532,0.0
20260405,115,114,402,115,50157,2553,2648,1660,reply_received,136671,136671,124149,36830,2427,303,303,303,7,0,0,0,0,catalog_nonempty,quality_ok,,d2f0057bd4cdd4c7a3c6c2431f6449a72c327284,1696aab4b60098bd8168c3ddf22814b9d09727ec11202d6fd99d7c2f1643bc58,115,0,287,1.0,0.2860696517412935,2648,136671,669,7,7,7,2486,469,281,True,1546641,1409970,114,114,"{""ok"": 114}",ok,136671,2427,40,{},True,True,1715710,0.0
20260406,387,387,399,387,160663,8395,8679,6851,reply_received,393293,393293,348686,84835,8815,1491,1491,1491,61,0,0,0,0,catalog_nonempty,quality_ok,,d2f0057bd4cdd4c7a3c6c2431f6449a72c327284,1696aab4b60098bd8168c3ddf22814b9d09727ec11202d6fd99d7c2f1643bc58,387,0,12,1.0,0.9699248120300752,8679,393293,3783,61,61,61,8185,1773,1362,True,4592701,4199408,387,387,"{""ok"": 387}",ok,393293,8815,105,{},True,True,5050742,0.0
20260407,380,380,399,380,151761,7933,8166,6540,reply_received,381625,381625,336964,78948,9674,1470,1470,1470,98,2,2,2,2,reply_received,quality_ok,,d2f0057bd4cdd4c7a3c6c2431f6449a72c327284,1696aab4b60098bd8168c3ddf22814b9d09727ec11202d6fd99d7c2f1643bc58,380,0,19,1.0,0.9523809523809523,8166,381625,4028,98,98,98,7754,1594,1267,True,4766943,4385318,380,380,"{""ok"": 380}",ok,381625,9674,93,{},True,True,5271162,0.0
20260408,0,0,397,0,0,0,0,0,not_run,0,0,0,0,0,0,0,0,0,0,0,0,0,not_run,no_strict_raw,,d2f0057bd4cdd4c7a3c6c2431f6449a72c327284,1696aab4b60098bd8168c3ddf22814b9d09727ec11202d6fd99d7c2f1643bc58,0,0,397,,0.0,0,0,0,0,0,0,0,0,0,,0,0,0,0,,missing,0,0,0,{},True,True,0,
20260409,0,0,394,0,0,0,0,0,not_run,0,0,0,0,0,0,0,0,0,0,0,0,0,not_run,no_strict_raw,,d2f0057bd4cdd4c7a3c6c2431f6449a72c327284,1696aab4b60098bd8168c3ddf22814b9d09727ec11202d6fd99d7c2f1643bc58,0,0,394,,0.0,0,0,0,0,0,0,0,0,0,,0,0,0,0,,missing,0,0,0,{},True,True,0,
20260410,235,235,392,235,88515,6261,6426,4496,reply_received,285772,259904,237790,58066,6385,1151,1151,1151,27,3,3,3,3,reply_received,quality_ok,,d2f0057bd4cdd4c7a3c6c2431f6449a72c327284,1696aab4b60098bd8168c3ddf22814b9d09727ec11202d6fd99d7c2f1643bc58,235,0,157,1.0,0.5994897959183674,6426,285772,2789,27,27,27,5987,1232,1063,True,3953399,3667627,235,235,"{""ok"": 235}",ok,259904,6385,66,{},True,True,4373816,0.0
20260411,149,137,390,149,57085,1336,1410,966,reply_received,63120,62521,48338,16323,1496,168,168,168,7,0,0,0,0,catalog_nonempty,quality_ok,,d2f0057bd4cdd4c7a3c6c2431f6449a72c327284,1696aab4b60098bd8168c3ddf22814b9d09727ec11202d6fd99d7c2f1643bc58,149,0,241,1.0,0.382051282051282,1410,63120,406,7,7,7,1298,258,155,True,1221502,1158382,137,137,"{""ok"": 137}",ok,62521,1496,35,{},True,True,1344242,0.0
20260412,27,27,388,27,9517,195,205,0,matched_without_ades,7466,2563,1671,1641,7,0,0,0,0,0,0,0,0,true_zero_catalog,quality_ok,,d2f0057bd4cdd4c7a3c6c2431f6449a72c327284,1696aab4b60098bd8168c3ddf22814b9d09727ec11202d6fd99d7c2f1643bc58,27,0,361,1.0,0.06958762886597938,205,7466,0,0,0,0,193,0,0,True,263711,256245,27,27,"{""ok"": 27}",ok,2563,7,5,"{""no tracklets"": 2}",True,True,285902,0.0
20260413,107,0,386,107,0,0,0,0,not_run,0,0,0,0,0,0,0,0,0,0,0,0,0,not_run,raw_without_l2;l2_missing,missing_l2,d2f0057bd4cdd4c7a3c6c2431f6449a72c327284,1696aab4b60098bd8168c3ddf22814b9d09727ec11202d6fd99d7c2f1643bc58,107,0,279,1.0,0.2772020725388601,0,0,0,0,0,0,0,0,0,,0,0,0,0,,missing,0,0,0,{},True,True,0,
20260414,107,105,383,97,35394,499,520,0,matched_without_ades,0,0,0,0,0,0,0,0,0,0,0,0,0,not_run,quality_ok,,d2f0057bd4cdd4c7a3c6c2431f6449a72c327284,1696aab4b60098bd8168c3ddf22814b9d09727ec11202d6fd99d7c2f1643bc58,107,10,286,0.9065420560747663,0.25326370757180156,0,0,0,0,0,0,0,0,0,False,0,0,0,0,,missing,0,0,0,{},True,True,978906,
20260415,0,0,381,0,0,0,0,0,not_run,0,0,0,0,0,0,0,0,0,0,0,0,0,not_run,no_strict_raw,,d2f0057bd4cdd4c7a3c6c2431f6449a72c327284,1696aab4b60098bd8168c3ddf22814b9d09727ec11202d6fd99d7c2f1643bc58,53,0,381,,0.0,0,0,0,0,0,0,0,0,0,,0,0,0,0,,missing,0,0,0,{},True,True,0,
20260416,0,0,379,0,0,0,0,0,not_run,0,0,0,0,0,0,0,0,0,0,0,0,0,not_run,no_strict_raw,,d2f0057bd4cdd4c7a3c6c2431f6449a72c327284,1696aab4b60098bd8168c3ddf22814b9d09727ec11202d6fd99d7c2f1643bc58,0,0,379,,0.0,0,0,0,0,0,0,0,0,0,,0,0,0,0,,missing,0,0,0,{},True,True,0,
20260417,0,0,377,0,0,0,0,0,not_run,0,0,0,0,0,0,0,0,0,0,0,0,0,not_run,no_strict_raw,,d2f0057bd4cdd4c7a3c6c2431f6449a72c327284,1696aab4b60098bd8168c3ddf22814b9d09727ec11202d6fd99d7c2f1643bc58,0,0,377,,0.0,0,0,0,0,0,0,0,0,0,,0,0,0,0,,missing,0,0,0,{},True,True,0,
20260418,0,0,374,0,0,0,0,0,not_run,0,0,0,0,0,0,0,0,0,0,0,0,0,not_run,no_strict_raw,,d2f0057bd4cdd4c7a3c6c2431f6449a72c327284,1696aab4b60098bd8168c3ddf22814b9d09727ec11202d6fd99d7c2f1643bc58,0,0,374,,0.0,0,0,0,0,0,0,0,0,0,,0,0,0,0,,missing,0,0,0,{},True,True,0,
20260419,0,0,372,0,0,0,0,0,not_run,0,0,0,0,0,0,0,0,0,0,0,0,0,not_run,no_strict_raw,,d2f0057bd4cdd4c7a3c6c2431f6449a72c327284,1696aab4b60098bd8168c3ddf22814b9d09727ec11202d6fd99d7c2f1643bc58,0,0,372,,0.0,0,0,0,0,0,0,0,0,0,,0,0,0,0,,missing,0,0,0,{},True,True,0,
20260420,345,345,372,345,138784,8194,8480,6581,reply_received,403928,403599,360536,96693,10746,1750,1750,1750,106,1,1,1,1,reply_received,quality_ok,,d2f0057bd4cdd4c7a3c6c2431f6449a72c327284,1696aab4b60098bd8168c3ddf22814b9d09727ec11202d6fd99d7c2f1643bc58,345,0,27,1.0,0.9274193548387096,8480,403928,4257,106,106,106,7966,1800,1544,True,4807851,4403923,345,345,"{""ok"": 345}",ok,403599,10746,89,{},True,True,5301856,0.0
20260421,0,0,369,0,0,0,0,0,not_run,0,0,0,0,0,0,0,0,0,0,0,0,0,not_run,no_strict_raw,,d2f0057bd4cdd4c7a3c6c2431f6449a72c327284,1696aab4b60098bd8168c3ddf22814b9d09727ec11202d6fd99d7c2f1643bc58,0,0,369,,0.0,0,0,0,0,0,0,0,0,0,,0,0,0,0,,missing,0,0,0,{},True,True,0,
20260422,90,90,366,90,30835,1278,1310,948,reply_received,60940,56825,48045,13510,1315,220,220,220,7,1,1,1,1,reply_received,quality_ok,,d2f0057bd4cdd4c7a3c6c2431f6449a72c327284,1696aab4b60098bd8168c3ddf22814b9d09727ec11202d6fd99d7c2f1643bc58,90,0,276,1.0,0.2459016393442623,1310,60940,570,7,7,7,1208,240,196,True,810974,750034,90,90,"{""ok"": 90}",ok,56825,1315,22,{},True,True,907458,0.0
20260423,92,91,363,92,32057,855,876,501,reply_received,28082,22825,18389,7363,627,118,118,118,1,0,0,0,0,catalog_nonempty,quality_ok,,d2f0057bd4cdd4c7a3c6c2431f6449a72c327284,1696aab4b60098bd8168c3ddf22814b9d09727ec11202d6fd99d7c2f1643bc58,92,0,271,1.0,0.2534435261707989,876,28082,240,1,1,1,630,149,109,True,633230,605148,91,91,"{""ok"": 91}",ok,22825,627,22,{},True,True,795442,0.0
20260424,0,0,363,0,0,0,0,0,not_run,0,0,0,0,0,0,0,0,0,0,0,0,0,not_run,no_strict_raw,,d2f0057bd4cdd4c7a3c6c2431f6449a72c327284,1696aab4b60098bd8168c3ddf22814b9d09727ec11202d6fd99d7c2f1643bc58,0,0,363,,0.0,0,0,0,0,0,0,0,0,0,,0,0,0,0,,missing,0,0,0,{},True,True,0,
20260425,104,104,360,104,38743,477,493,301,reply_received,22802,19881,8760,5814,456,53,53,53,2,0,0,0,0,catalog_nonempty,quality_ok,,d2f0057bd4cdd4c7a3c6c2431f6449a72c327284,1696aab4b60098bd8168c3ddf22814b9d09727ec11202d6fd99d7c2f1643bc58,104,0,256,1.0,0.28888888888888886,493,22802,147,2,2,2,453,75,50,True,565395,542593,104,104,"{""ok"": 104}",ok,19881,456,22,{},True,True,654126,0.0
20260426,143,142,357,143,51548,626,667,355,reply_received,38231,38043,21244,12664,884,103,94,94,1,0,0,0,0,catalog_nonempty,quality_ok,,d2f0057bd4cdd4c7a3c6c2431f6449a72c327284,1696aab4b60098bd8168c3ddf22814b9d09727ec11202d6fd99d7c2f1643bc58,143,0,214,1.0,0.4005602240896359,667,38231,215,10,1,1,610,111,91,True,1949086,1910855,142,142,"{""ok"": 142}",ok,38043,884,44,"{""no tracklets"": 1}",True,True,2214168,0.0
20260427,224,224,354,224,82462,2739,2826,2300,reply_received,95300,89711,58941,21411,3244,459,459,459,22,0,0,0,0,catalog_nonempty,quality_ok,,d2f0057bd4cdd4c7a3c6c2431f6449a72c327284,1696aab4b60098bd8168c3ddf22814b9d09727ec11202d6fd99d7c2f1643bc58,224,0,130,1.0,0.632768361581921,2826,95300,1623,22,22,22,2629,462,412,True,2774996,2679696,224,224,"{""ok"": 224}",ok,89711,3244,44,{},True,True,3079164,0.0
20260428,329,329,354,329,120887,3827,3996,3348,reply_received,131598,131329,85633,31751,4598,623,614,614,31,0,0,0,0,catalog_nonempty,quality_ok,,d2f0057bd4cdd4c7a3c6c2431f6449a72c327284,1696aab4b60098bd8168c3ddf22814b9d09727ec11202d6fd99d7c2f1643bc58,329,0,25,1.0,0.9293785310734464,3996,131598,2263,40,31,31,3642,649,535,True,4820061,4688463,329,329,"{""ok"": 329}",ok,131329,4598,69,{},True,True,5359247,0.0
20260429,298,298,351,298,109420,3008,3157,2657,reply_received,112282,109391,74668,35964,4282,457,457,457,58,0,0,0,0,catalog_nonempty,quality_ok,,d2f0057bd4cdd4c7a3c6c2431f6449a72c327284,1696aab4b60098bd8168c3ddf22814b9d09727ec11202d6fd99d7c2f1643bc58,298,0,53,1.0,0.8490028490028491,3157,112282,1660,58,58,58,2615,486,372,True,5295523,5183241,298,298,"{""ok"": 298}",ok,109391,4282,49,{},True,True,6128659,0.0
20260430,48,48,348,48,19801,185,192,36,reply_received,10387,7156,3879,3140,83,7,7,7,0,0,0,0,0,true_zero_catalog,quality_ok,,d2f0057bd4cdd4c7a3c6c2431f6449a72c327284,1696aab4b60098bd8168c3ddf22814b9d09727ec11202d6fd99d7c2f1643bc58,48,0,300,1.0,0.13793103448275862,192,10387,14,0,0,0,172,12,7,True,266952,256565,48,48,"{""ok"": 48}",ok,7156,83,14,"{""no tracklets"": 4}",True,True,306575,0.0
20260501,0,0,348,0,0,0,0,0,not_run,0,0,0,0,0,0,0,0,0,0,0,0,0,not_run,no_strict_raw,,d2f0057bd4cdd4c7a3c6c2431f6449a72c327284,1696aab4b60098bd8168c3ddf22814b9d09727ec11202d6fd99d7c2f1643bc58,0,0,348,,0.0,0,0,0,0,0,0,0,0,0,,0,0,0,0,,missing,0,0,0,{},True,True,0,
20260502,0,0,345,0,0,0,0,0,not_run,0,0,0,0,0,0,0,0,0,0,0,0,0,not_run,no_strict_raw,,d2f0057bd4cdd4c7a3c6c2431f6449a72c327284,1696aab4b60098bd8168c3ddf22814b9d09727ec11202d6fd99d7c2f1643bc58,0,0,345,,0.0,0,0,0,0,0,0,0,0,0,,0,0,0,0,,missing,0,0,0,{},True,True,0,
20260503,328,328,330,277,95824,3022,3297,2138,ades_without_reply,1025703,1016836,968366,841513,5213,508,507,507,32,1,1,1,1,reply_received,quality_ok,,d2f0057bd4cdd4c7a3c6c2431f6449a72c327284,1696aab4b60098bd8168c3ddf22814b9d09727ec11202d6fd99d7c2f1643bc58,328,51,53,0.8445121951219512,0.8393939393939394,3297,1025703,1370,33,32,32,2744,542,443,True,14001360,12975657,328,328,"{""ok"": 328}",ok,1016836,5213,65,"{""candidate tracklets 102624 exceeds max_tracklets_per_group=100000"": 1, ""candidate tracklets 188978 exceeds max_tracklets_per_group=100000"": 1}",True,True,29404618,0.0
20260504,327,327,333,303,116127,3075,3190,2371,reply_received,167924,165868,132636,49509,4704,641,638,638,39,0,0,0,0,catalog_nonempty,quality_ok,,d2f0057bd4cdd4c7a3c6c2431f6449a72c327284,1696aab4b60098bd8168c3ddf22814b9d09727ec11202d6fd99d7c2f1643bc58,327,24,30,0.926605504587156,0.9099099099099099,3190,167924,1551,42,39,39,2920,639,561,True,5998285,5830361,327,327,"{""ok"": 327}",ok,165868,4704,73,{},True,True,7050089,0.0
20260505,0,0,339,0,0,0,0,0,not_run,0,0,0,0,0,0,0,0,0,0,0,0,0,not_run,no_strict_raw,,d2f0057bd4cdd4c7a3c6c2431f6449a72c327284,1696aab4b60098bd8168c3ddf22814b9d09727ec11202d6fd99d7c2f1643bc58,0,0,339,,0.0,0,0,0,0,0,0,0,0,0,,0,0,0,0,,missing,0,0,0,{},True,True,0,
20260506,147,147,336,147,47941,1826,1913,1354,reply_received,79607,79607,64366,24692,2181,340,340,340,24,0,0,0,0,catalog_nonempty,quality_ok,,d2f0057bd4cdd4c7a3c6c2431f6449a72c327284,1696aab4b60098bd8168c3ddf22814b9d09727ec11202d6fd99d7c2f1643bc58,147,0,189,1.0,0.4375,1913,79607,953,24,24,24,1796,340,297,True,2019756,1940149,147,147,"{""ok"": 147}",ok,79607,2181,42,{},True,True,2233352,0.0
20260507,142,142,336,142,48207,2758,2860,921,reply_received,114267,92050,76062,26614,2360,216,216,216,16,1,0,0,0,catalog_nonempty,quality_ok,,d2f0057bd4cdd4c7a3c6c2431f6449a72c327284,1696aab4b60098bd8168c3ddf22814b9d09727ec11202d6fd99d7c2f1643bc58,142,0,194,1.0,0.4226190476190476,2860,114267,441,16,16,16,2616,286,184,True,3693016,3578749,142,142,"{""ok"": 142}",ok,92050,2360,49,{},True,True,4129842,0.0
20260508,224,222,333,224,72938,3211,3320,2449,reply_received,191538,191538,168618,44933,4009,497,497,497,33,1,1,1,1,reply_received,quality_ok,,d2f0057bd4cdd4c7a3c6c2431f6449a72c327284,1696aab4b60098bd8168c3ddf22814b9d09727ec11202d6fd99d7c2f1643bc58,224,0,109,1.0,0.6726726726726727,3320,191538,1378,33,33,33,3035,608,430,True,2526186,2334648,222,222,"{""ok"": 222}",ok,191538,4009,54,{},True,True,2811099,0.0
20260509,200,200,332,200,64280,3419,3543,3000,reply_received,129494,129494,106347,31288,4605,598,598,598,44,2,2,2,2,reply_received,quality_ok,,d2f0057bd4cdd4c7a3c6c2431f6449a72c327284,1696aab4b60098bd8168c3ddf22814b9d09727ec11202d6fd99d7c2f1643bc58,200,0,132,1.0,0.6024096385542169,3543,129494,2014,44,44,44,3221,623,523,True,4844230,4714736,200,200,"{""ok"": 200}",ok,129494,4605,44,{},True,True,5388202,0.0
20260510,0,0,330,0,0,0,0,0,not_run,0,0,0,0,0,0,0,0,0,0,0,0,0,not_run,no_strict_raw,,d2f0057bd4cdd4c7a3c6c2431f6449a72c327284,1696aab4b60098bd8168c3ddf22814b9d09727ec11202d6fd99d7c2f1643bc58,0,0,330,,0.0,0,0,0,0,0,0,0,0,0,,0,0,0,0,,missing,0,0,0,{},True,True,0,
20260511,0,0,327,0,0,0,0,0,not_run,0,0,0,0,0,0,0,0,0,0,0,0,0,not_run,no_strict_raw,,d2f0057bd4cdd4c7a3c6c2431f6449a72c327284,1696aab4b60098bd8168c3ddf22814b9d09727ec11202d6fd99d7c2f1643bc58,0,0,327,,0.0,0,0,0,0,0,0,0,0,0,,0,0,0,0,,missing,0,0,0,{},True,True,0,
20260512,240,240,326,240,76447,2261,2324,1814,reply_received,106562,104421,82929,27771,2981,382,382,382,28,1,1,1,1,reply_received,quality_ok,,d2f0057bd4cdd4c7a3c6c2431f6449a72c327284,1696aab4b60098bd8168c3ddf22814b9d09727ec11202d6fd99d7c2f1643bc58,240,0,86,1.0,0.7361963190184049,2324,106562,1075,28,28,28,2016,432,328,True,2395526,2288964,240,240,"{""ok"": 240}",ok,104421,2981,54,{},True,True,2710230,0.0
20260513,0,0,324,0,0,0,0,0,not_run,0,0,0,0,0,0,0,0,0,0,0,0,0,not_run,no_strict_raw,,d2f0057bd4cdd4c7a3c6c2431f6449a72c327284,1696aab4b60098bd8168c3ddf22814b9d09727ec11202d6fd99d7c2f1643bc58,0,0,324,,0.0,0,0,0,0,0,0,0,0,0,,0,0,0,0,,missing,0,0,0,{},True,True,0,
20260514,0,0,322,0,0,0,0,0,not_run,0,0,0,0,0,0,0,0,0,0,0,0,0,not_run,no_strict_raw,,d2f0057bd4cdd4c7a3c6c2431f6449a72c327284,1696aab4b60098bd8168c3ddf22814b9d09727ec11202d6fd99d7c2f1643bc58,0,0,322,,0.0,0,0,0,0,0,0,0,0,0,,0,0,0,0,,missing,0,0,0,{},True,True,0,
20260515,0,0,321,0,0,0,0,0,not_run,0,0,0,0,0,0,0,0,0,0,0,0,0,not_run,no_strict_raw,,d2f0057bd4cdd4c7a3c6c2431f6449a72c327284,1696aab4b60098bd8168c3ddf22814b9d09727ec11202d6fd99d7c2f1643bc58,0,0,321,,0.0,0,0,0,0,0,0,0,0,0,,0,0,0,0,,missing,0,0,0,{},True,True,0,
20260516,0,0,318,0,0,0,0,0,not_run,0,0,0,0,0,0,0,0,0,0,0,0,0,not_run,no_strict_raw,,d2f0057bd4cdd4c7a3c6c2431f6449a72c327284,1696aab4b60098bd8168c3ddf22814b9d09727ec11202d6fd99d7c2f1643bc58,1,0,318,,0.0,0,0,0,0,0,0,0,0,0,,0,0,0,0,,missing,0,0,0,{},True,True,0,
20260517,0,0,0,0,0,0,0,0,not_run,0,0,0,0,0,0,0,0,0,0,0,0,0,not_run,no_strict_raw,,d2f0057bd4cdd4c7a3c6c2431f6449a72c327284,1696aab4b60098bd8168c3ddf22814b9d09727ec11202d6fd99d7c2f1643bc58,0,0,0,,,0,0,0,0,0,0,0,0,0,,0,0,0,0,,missing,0,0,0,{},True,True,0,
20260518,0,0,0,0,0,0,0,0,not_run,0,0,0,0,0,0,0,0,0,0,0,0,0,not_run,no_strict_raw,,d2f0057bd4cdd4c7a3c6c2431f6449a72c327284,1696aab4b60098bd8168c3ddf22814b9d09727ec11202d6fd99d7c2f1643bc58,0,0,0,,,0,0,0,0,0,0,0,0,0,,0,0,0,0,,missing,0,0,0,{},True,True,0,
20260519,0,0,0,0,0,0,0,0,not_run,0,0,0,0,0,0,0,0,0,0,0,0,0,not_run,no_strict_raw,,d2f0057bd4cdd4c7a3c6c2431f6449a72c327284,1696aab4b60098bd8168c3ddf22814b9d09727ec11202d6fd99d7c2f1643bc58,0,0,0,,,0,0,0,0,0,0,0,0,0,,0,0,0,0,,missing,0,0,0,{},True,True,0,
20260520,0,0,0,0,0,0,0,0,not_run,0,0,0,0,0,0,0,0,0,0,0,0,0,not_run,no_strict_raw,,d2f0057bd4cdd4c7a3c6c2431f6449a72c327284,1696aab4b60098bd8168c3ddf22814b9d09727ec11202d6fd99d7c2f1643bc58,0,0,0,,,0,0,0,0,0,0,0,0,0,,0,0,0,0,,missing,0,0,0,{},True,True,0,
20260521,0,0,0,0,0,0,0,0,not_run,0,0,0,0,0,0,0,0,0,0,0,0,0,not_run,no_strict_raw,,d2f0057bd4cdd4c7a3c6c2431f6449a72c327284,1696aab4b60098bd8168c3ddf22814b9d09727ec11202d6fd99d7c2f1643bc58,0,0,0,,,0,0,0,0,0,0,0,0,0,,0,0,0,0,,missing,0,0,0,{},True,True,0,
20260522,0,0,0,0,0,0,0,0,not_run,0,0,0,0,0,0,0,0,0,0,0,0,0,not_run,no_strict_raw,,d2f0057bd4cdd4c7a3c6c2431f6449a72c327284,1696aab4b60098bd8168c3ddf22814b9d09727ec11202d6fd99d7c2f1643bc58,0,0,0,,,0,0,0,0,0,0,0,0,0,,0,0,0,0,,missing,0,0,0,{},True,True,0,
20260523,0,0,306,0,0,0,0,0,not_run,0,0,0,0,0,0,0,0,0,0,0,0,0,not_run,no_strict_raw,,d2f0057bd4cdd4c7a3c6c2431f6449a72c327284,1696aab4b60098bd8168c3ddf22814b9d09727ec11202d6fd99d7c2f1643bc58,0,0,306,,0.0,0,0,0,0,0,0,0,0,0,,0,0,0,0,,missing,0,0,0,{},True,True,0,
20260524,0,0,306,0,0,0,0,0,not_run,0,0,0,0,0,0,0,0,0,0,0,0,0,not_run,no_strict_raw,,d2f0057bd4cdd4c7a3c6c2431f6449a72c327284,1696aab4b60098bd8168c3ddf22814b9d09727ec11202d6fd99d7c2f1643bc58,0,0,306,,0.0,0,0,0,0,0,0,0,0,0,,0,0,0,0,,missing,0,0,0,{},True,True,0,
20260525,0,0,303,0,0,0,0,0,not_run,0,0,0,0,0,0,0,0,0,0,0,0,0,not_run,no_strict_raw,,d2f0057bd4cdd4c7a3c6c2431f6449a72c327284,1696aab4b60098bd8168c3ddf22814b9d09727ec11202d6fd99d7c2f1643bc58,0,0,303,,0.0,0,0,0,0,0,0,0,0,0,,0,0,0,0,,missing,0,0,0,{},True,True,0,
20260526,0,0,303,0,0,0,0,0,not_run,0,0,0,0,0,0,0,0,0,0,0,0,0,not_run,no_strict_raw,,d2f0057bd4cdd4c7a3c6c2431f6449a72c327284,1696aab4b60098bd8168c3ddf22814b9d09727ec11202d6fd99d7c2f1643bc58,0,0,303,,0.0,0,0,0,0,0,0,0,0,0,,0,0,0,0,,missing,0,0,0,{},True,True,0,
20260527,0,0,300,0,0,0,0,0,not_run,0,0,0,0,0,0,0,0,0,0,0,0,0,not_run,no_strict_raw,,d2f0057bd4cdd4c7a3c6c2431f6449a72c327284,1696aab4b60098bd8168c3ddf22814b9d09727ec11202d6fd99d7c2f1643bc58,0,0,300,,0.0,0,0,0,0,0,0,0,0,0,,0,0,0,0,,missing,0,0,0,{},True,True,0,
20260528,279,279,300,235,82171,2390,2794,1555,reply_received,223228,222095,180439,132209,92792,1170,1170,1170,0,0,0,0,0,not_run,quarantine_unknown,high_candidate_count_926,d2f0057bd4cdd4c7a3c6c2431f6449a72c327284,1696aab4b60098bd8168c3ddf22814b9d09727ec11202d6fd99d7c2f1643bc58,279,44,65,0.8422939068100358,0.7833333333333333,2794,223228,2673,926,926,926,1719,347,222,True,15808312,15585084,279,279,"{""ok"": 279}",ok,222095,92792,49,{},True,False,23282034,0.0
20260529,296,296,294,278,86130,1400,1664,1030,reply_received,266645,264629,226205,119873,4545,183,183,183,29,7,7,7,0,reply_received,quality_ok,,d2f0057bd4cdd4c7a3c6c2431f6449a72c327284,1696aab4b60098bd8168c3ddf22814b9d09727ec11202d6fd99d7c2f1643bc58,296,18,16,0.9391891891891891,0.9455782312925171,1664,266645,604,29,29,29,1030,190,136,True,13423598,13156953,296,296,"{""ok"": 296}",ok,264629,4545,46,{},True,True,21393694,0.0
20260530,275,275,294,257,75636,763,928,450,reply_received,331442,329192,299915,163712,7098,115,115,115,21,4,4,4,2,reply_received,quality_ok,,d2f0057bd4cdd4c7a3c6c2431f6449a72c327284,1696aab4b60098bd8168c3ddf22814b9d09727ec11202d6fd99d7c2f1643bc58,275,18,37,0.9345454545454546,0.8741496598639455,928,331442,237,21,21,21,583,135,85,True,9716673,9385231,275,275,"{""ok"": 275}",ok,329192,7098,64,{},True,True,17807717,0.0
20260531,0,0,291,0,0,0,0,0,not_run,0,0,0,0,0,0,0,0,0,0,0,0,0,not_run,no_strict_raw,,d2f0057bd4cdd4c7a3c6c2431f6449a72c327284,1696aab4b60098bd8168c3ddf22814b9d09727ec11202d6fd99d7c2f1643bc58,0,0,291,,0.0,0,0,0,0,0,0,0,0,0,,0,0,0,0,,missing,0,0,0,{},True,True,0,
20260601,298,298,276,272,75678,1389,1457,1096,reply_received,72657,72334,47455,25189,2352,236,236,236,19,2,2,2,2,reply_received,quality_ok,,d2f0057bd4cdd4c7a3c6c2431f6449a72c327284,1696aab4b60098bd8168c3ddf22814b9d09727ec11202d6fd99d7c2f1643bc58,298,26,4,0.912751677852349,0.9855072463768116,1457,72657,624,19,19,19,1148,281,205,True,4661881,4589224,298,298,"{""ok"": 298}",ok,72334,2352,68,{},True,True,5289813,0.0
20260602,0,0,273,0,0,0,0,0,not_run,0,0,0,0,0,0,0,0,0,0,0,0,0,not_run,no_strict_raw,,d2f0057bd4cdd4c7a3c6c2431f6449a72c327284,1696aab4b60098bd8168c3ddf22814b9d09727ec11202d6fd99d7c2f1643bc58,0,0,273,,0.0,0,0,0,0,0,0,0,0,0,,0,0,0,0,,missing,0,0,0,{},True,True,0,
20260603,0,0,285,0,0,0,0,0,not_run,0,0,0,0,0,0,0,0,0,0,0,0,0,not_run,no_strict_raw,,d2f0057bd4cdd4c7a3c6c2431f6449a72c327284,1696aab4b60098bd8168c3ddf22814b9d09727ec11202d6fd99d7c2f1643bc58,0,0,285,,0.0,0,0,0,0,0,0,0,0,0,,0,0,0,0,,missing,0,0,0,{},True,True,0,
20260604,0,0,0,0,0,0,0,0,not_run,0,0,0,0,0,0,0,0,0,0,0,0,0,not_run,no_strict_raw,,d2f0057bd4cdd4c7a3c6c2431f6449a72c327284,1696aab4b60098bd8168c3ddf22814b9d09727ec11202d6fd99d7c2f1643bc58,0,0,0,,,0,0,0,0,0,0,0,0,0,,0,0,0,0,,missing,0,0,0,{},True,True,0,
20260605,2,2,291,2,304,0,0,0,zero_match_or_no_ades,0,0,0,0,0,0,0,0,0,0,0,0,0,not_run,quality_ok,,d2f0057bd4cdd4c7a3c6c2431f6449a72c327284,1696aab4b60098bd8168c3ddf22814b9d09727ec11202d6fd99d7c2f1643bc58,2,0,289,1.0,0.006872852233676976,0,0,0,0,0,0,0,0,0,False,0,0,0,0,,missing,0,0,0,{},True,True,789,
20260606,0,0,0,0,0,0,0,0,not_run,0,0,0,0,0,0,0,0,0,0,0,0,0,not_run,no_strict_raw,,d2f0057bd4cdd4c7a3c6c2431f6449a72c327284,1696aab4b60098bd8168c3ddf22814b9d09727ec11202d6fd99d7c2f1643bc58,0,0,0,,,0,0,0,0,0,0,0,0,0,,0,0,0,0,,missing,0,0,0,{},True,True,0,
20260607,0,0,0,0,0,0,0,0,not_run,0,0,0,0,0,0,0,0,0,0,0,0,0,not_run,no_strict_raw,,d2f0057bd4cdd4c7a3c6c2431f6449a72c327284,1696aab4b60098bd8168c3ddf22814b9d09727ec11202d6fd99d7c2f1643bc58,0,0,0,,,0,0,0,0,0,0,0,0,0,,0,0,0,0,,missing,0,0,0,{},True,True,0,
20260608,0,0,0,0,0,0,0,0,not_run,0,0,0,0,0,0,0,0,0,0,0,0,0,not_run,no_strict_raw,,d2f0057bd4cdd4c7a3c6c2431f6449a72c327284,1696aab4b60098bd8168c3ddf22814b9d09727ec11202d6fd99d7c2f1643bc58,0,0,0,,,0,0,0,0,0,0,0,0,0,,0,0,0,0,,missing,0,0,0,{},True,True,0,
20260609,0,0,0,0,0,0,0,0,not_run,0,0,0,0,0,0,0,0,0,0,0,0,0,not_run,no_strict_raw,,d2f0057bd4cdd4c7a3c6c2431f6449a72c327284,1696aab4b60098bd8168c3ddf22814b9d09727ec11202d6fd99d7c2f1643bc58,0,0,0,,,0,0,0,0,0,0,0,0,0,,0,0,0,0,,missing,0,0,0,{},True,True,0,
20260610,0,0,0,0,0,0,0,0,not_run,0,0,0,0,0,0,0,0,0,0,0,0,0,not_run,no_strict_raw,,d2f0057bd4cdd4c7a3c6c2431f6449a72c327284,1696aab4b60098bd8168c3ddf22814b9d09727ec11202d6fd99d7c2f1643bc58,0,0,0,,,0,0,0,0,0,0,0,0,0,,0,0,0,0,,missing,0,0,0,{},True,True,0,
20260611,270,269,285,270,75709,4655,5123,3597,reply_received,1087221,1087221,1080653,843497,267450,1319,1319,1319,0,0,0,0,0,not_run,quarantine_unknown,high_candidate_count_653,d2f0057bd4cdd4c7a3c6c2431f6449a72c327284,1696aab4b60098bd8168c3ddf22814b9d09727ec11202d6fd99d7c2f1643bc58,270,0,15,1.0,0.9473684210526315,5123,1087221,3392,653,653,653,3913,836,605,True,13663763,12576542,269,269,"{""ok"": 269}",ok,1087221,267450,68,{},True,False,28998489,0.0
20260612,0,0,285,0,0,0,0,0,not_run,0,0,0,0,0,0,0,0,0,0,0,0,0,not_run,no_strict_raw,,d2f0057bd4cdd4c7a3c6c2431f6449a72c327284,1696aab4b60098bd8168c3ddf22814b9d09727ec11202d6fd99d7c2f1643bc58,0,0,285,,0.0,0,0,0,0,0,0,0,0,0,,0,0,0,0,,missing,0,0,0,{},True,True,0,
20260613,0,0,285,0,0,0,0,0,not_run,0,0,0,0,0,0,0,0,0,0,0,0,0,not_run,no_strict_raw,,d2f0057bd4cdd4c7a3c6c2431f6449a72c327284,1696aab4b60098bd8168c3ddf22814b9d09727ec11202d6fd99d7c2f1643bc58,0,0,285,,0.0,0,0,0,0,0,0,0,0,0,,0,0,0,0,,missing,0,0,0,{},True,True,0,
20260614,0,0,285,0,0,0,0,0,not_run,0,0,0,0,0,0,0,0,0,0,0,0,0,not_run,no_strict_raw,,d2f0057bd4cdd4c7a3c6c2431f6449a72c327284,1696aab4b60098bd8168c3ddf22814b9d09727ec11202d6fd99d7c2f1643bc58,0,0,285,,0.0,0,0,0,0,0,0,0,0,0,,0,0,0,0,,missing,0,0,0,{},True,True,0,
20260615,0,0,285,0,0,0,0,0,not_run,0,0,0,0,0,0,0,0,0,0,0,0,0,not_run,no_strict_raw,,d2f0057bd4cdd4c7a3c6c2431f6449a72c327284,1696aab4b60098bd8168c3ddf22814b9d09727ec11202d6fd99d7c2f1643bc58,0,0,285,,0.0,0,0,0,0,0,0,0,0,0,,0,0,0,0,,missing,0,0,0,{},True,True,0,
20260616,0,0,282,0,0,0,0,0,not_run,0,0,0,0,0,0,0,0,0,0,0,0,0,not_run,no_strict_raw,,d2f0057bd4cdd4c7a3c6c2431f6449a72c327284,1696aab4b60098bd8168c3ddf22814b9d09727ec11202d6fd99d7c2f1643bc58,0,0,282,,0.0,0,0,0,0,0,0,0,0,0,,0,0,0,0,,missing,0,0,0,{},True,True,0,
20260617,27,27,282,27,7029,503,515,26,reply_received,30012,10959,10207,3313,173,0,0,0,0,0,0,0,0,true_zero_catalog,quality_ok,,d2f0057bd4cdd4c7a3c6c2431f6449a72c327284,1696aab4b60098bd8168c3ddf22814b9d09727ec11202d6fd99d7c2f1643bc58,27,0,255,1.0,0.09574468085106383,515,30012,0,0,0,0,413,8,0,True,494812,464800,27,27,"{""ok"": 27}",ok,10959,173,5,{},True,True,583203,0.0
20260618,0,0,282,0,0,0,0,0,not_run,0,0,0,0,0,0,0,0,0,0,0,0,0,not_run,no_strict_raw,,d2f0057bd4cdd4c7a3c6c2431f6449a72c327284,1696aab4b60098bd8168c3ddf22814b9d09727ec11202d6fd99d7c2f1643bc58,0,0,282,,0.0,0,0,0,0,0,0,0,0,0,,0,0,0,0,,missing,0,0,0,{},True,True,0,
20260619,0,0,282,0,0,0,0,0,not_run,0,0,0,0,0,0,0,0,0,0,0,0,0,not_run,no_strict_raw,,d2f0057bd4cdd4c7a3c6c2431f6449a72c327284,1696aab4b60098bd8168c3ddf22814b9d09727ec11202d6fd99d7c2f1643bc58,0,0,282,,0.0,0,0,0,0,0,0,0,0,0,,0,0,0,0,,missing,0,0,0,{},True,True,0,
20260620,227,227,282,227,60293,2931,3274,1917,reply_received,261649,258437,221233,90094,4158,405,405,405,19,0,0,0,0,catalog_nonempty,quality_ok,,d2f0057bd4cdd4c7a3c6c2431f6449a72c327284,1696aab4b60098bd8168c3ddf22814b9d09727ec11202d6fd99d7c2f1643bc58,227,0,55,1.0,0.8049645390070922,3274,261649,829,19,19,19,2378,648,369,True,11736575,11474926,227,227,"{""ok"": 227}",ok,258437,4158,72,{},True,True,18961346,0.0
20260621,0,0,282,0,0,0,0,0,not_run,0,0,0,0,0,0,0,0,0,0,0,0,0,not_run,no_strict_raw,,d2f0057bd4cdd4c7a3c6c2431f6449a72c327284,1696aab4b60098bd8168c3ddf22814b9d09727ec11202d6fd99d7c2f1643bc58,0,0,282,,0.0,0,0,0,0,0,0,0,0,0,,0,0,0,0,,missing,0,0,0,{},True,True,0,
20260622,0,0,282,0,0,0,0,0,not_run,0,0,0,0,0,0,0,0,0,0,0,0,0,not_run,no_strict_raw,,d2f0057bd4cdd4c7a3c6c2431f6449a72c327284,1696aab4b60098bd8168c3ddf22814b9d09727ec11202d6fd99d7c2f1643bc58,0,0,282,,0.0,0,0,0,0,0,0,0,0,0,,0,0,0,0,,missing,0,0,0,{},True,True,0,
20260623,0,0,285,0,0,0,0,0,not_run,0,0,0,0,0,0,0,0,0,0,0,0,0,not_run,no_strict_raw,,d2f0057bd4cdd4c7a3c6c2431f6449a72c327284,1696aab4b60098bd8168c3ddf22814b9d09727ec11202d6fd99d7c2f1643bc58,0,0,285,,0.0,0,0,0,0,0,0,0,0,0,,0,0,0,0,,missing,0,0,0,{},True,True,0,
20260624,0,0,282,0,0,0,0,0,not_run,0,0,0,0,0,0,0,0,0,0,0,0,0,not_run,no_strict_raw,,d2f0057bd4cdd4c7a3c6c2431f6449a72c327284,1696aab4b60098bd8168c3ddf22814b9d09727ec11202d6fd99d7c2f1643bc58,0,0,282,,0.0,0,0,0,0,0,0,0,0,0,,0,0,0,0,,missing,0,0,0,{},True,True,0,
20260625,0,0,282,0,0,0,0,0,not_run,0,0,0,0,0,0,0,0,0,0,0,0,0,not_run,no_strict_raw,,d2f0057bd4cdd4c7a3c6c2431f6449a72c327284,1696aab4b60098bd8168c3ddf22814b9d09727ec11202d6fd99d7c2f1643bc58,0,0,282,,0.0,0,0,0,0,0,0,0,0,0,,0,0,0,0,,missing,0,0,0,{},True,True,0,
20260626,0,0,279,0,0,0,0,0,not_run,0,0,0,0,0,0,0,0,0,0,0,0,0,not_run,no_strict_raw,,d2f0057bd4cdd4c7a3c6c2431f6449a72c327284,1696aab4b60098bd8168c3ddf22814b9d09727ec11202d6fd99d7c2f1643bc58,0,0,279,,0.0,0,0,0,0,0,0,0,0,0,,0,0,0,0,,missing,0,0,0,{},True,True,0,
20260627,0,0,273,0,0,0,0,0,not_run,0,0,0,0,0,0,0,0,0,0,0,0,0,not_run,no_strict_raw,,d2f0057bd4cdd4c7a3c6c2431f6449a72c327284,1696aab4b60098bd8168c3ddf22814b9d09727ec11202d6fd99d7c2f1643bc58,0,0,273,,0.0,0,0,0,0,0,0,0,0,0,,0,0,0,0,,missing,0,0,0,{},True,True,0,
20260628,0,0,282,0,0,0,0,0,not_run,0,0,0,0,0,0,0,0,0,0,0,0,0,not_run,no_strict_raw,,d2f0057bd4cdd4c7a3c6c2431f6449a72c327284,1696aab4b60098bd8168c3ddf22814b9d09727ec11202d6fd99d7c2f1643bc58,0,0,282,,0.0,0,0,0,0,0,0,0,0,0,,0,0,0,0,,missing,0,0,0,{},True,True,0,
20260629,0,0,276,0,0,0,0,0,not_run,0,0,0,0,0,0,0,0,0,0,0,0,0,not_run,no_strict_raw,,d2f0057bd4cdd4c7a3c6c2431f6449a72c327284,1696aab4b60098bd8168c3ddf22814b9d09727ec11202d6fd99d7c2f1643bc58,0,0,276,,0.0,0,0,0,0,0,0,0,0,0,,0,0,0,0,,missing,0,0,0,{},True,True,0,
20260630,0,0,267,0,0,0,0,0,not_run,0,0,0,0,0,0,0,0,0,0,0,0,0,not_run,no_strict_raw,,d2f0057bd4cdd4c7a3c6c2431f6449a72c327284,1696aab4b60098bd8168c3ddf22814b9d09727ec11202d6fd99d7c2f1643bc58,0,0,267,,0.0,0,0,0,0,0,0,0,0,0,,0,0,0,0,,missing,0,0,0,{},True,True,0,
20260701,0,0,273,0,0,0,0,0,not_run,0,0,0,0,0,0,0,0,0,0,0,0,0,not_run,no_strict_raw,,d2f0057bd4cdd4c7a3c6c2431f6449a72c327284,1696aab4b60098bd8168c3ddf22814b9d09727ec11202d6fd99d7c2f1643bc58,0,0,273,,0.0,0,0,0,0,0,0,0,0,0,,0,0,0,0,,missing,0,0,0,{},True,True,0,
20260702,0,0,288,0,0,0,0,0,not_run,0,0,0,0,0,0,0,0,0,0,0,0,0,not_run,no_strict_raw,,d2f0057bd4cdd4c7a3c6c2431f6449a72c327284,1696aab4b60098bd8168c3ddf22814b9d09727ec11202d6fd99d7c2f1643bc58,0,0,288,,0.0,0,0,0,0,0,0,0,0,0,,0,0,0,0,,missing,0,0,0,{},True,True,0,
20260703,0,0,288,0,0,0,0,0,not_run,0,0,0,0,0,0,0,0,0,0,0,0,0,not_run,no_strict_raw,,d2f0057bd4cdd4c7a3c6c2431f6449a72c327284,1696aab4b60098bd8168c3ddf22814b9d09727ec11202d6fd99d7c2f1643bc58,0,0,288,,0.0,0,0,0,0,0,0,0,0,0,,0,0,0,0,,missing,0,0,0,{},True,True,0,
20260704,0,0,0,0,0,0,0,0,not_run,0,0,0,0,0,0,0,0,0,0,0,0,0,not_run,no_strict_raw,,d2f0057bd4cdd4c7a3c6c2431f6449a72c327284,1696aab4b60098bd8168c3ddf22814b9d09727ec11202d6fd99d7c2f1643bc58,0,0,0,,,0,0,0,0,0,0,0,0,0,,0,0,0,0,,missing,0,0,0,{},True,True,0,
20260705,0,0,288,0,0,0,0,0,not_run,0,0,0,0,0,0,0,0,0,0,0,0,0,not_run,no_strict_raw,,d2f0057bd4cdd4c7a3c6c2431f6449a72c327284,1696aab4b60098bd8168c3ddf22814b9d09727ec11202d6fd99d7c2f1643bc58,0,0,288,,0.0,0,0,0,0,0,0,0,0,0,,0,0,0,0,,missing,0,0,0,{},True,True,0,
20260706,0,0,291,0,0,0,0,0,not_run,0,0,0,0,0,0,0,0,0,0,0,0,0,not_run,no_strict_raw,,d2f0057bd4cdd4c7a3c6c2431f6449a72c327284,1696aab4b60098bd8168c3ddf22814b9d09727ec11202d6fd99d7c2f1643bc58,0,0,291,,0.0,0,0,0,0,0,0,0,0,0,,0,0,0,0,,missing,0,0,0,{},True,True,0,
20260707,0,0,291,0,0,0,0,0,not_run,0,0,0,0,0,0,0,0,0,0,0,0,0,not_run,no_strict_raw,,d2f0057bd4cdd4c7a3c6c2431f6449a72c327284,1696aab4b60098bd8168c3ddf22814b9d09727ec11202d6fd99d7c2f1643bc58,0,0,291,,0.0,0,0,0,0,0,0,0,0,0,,0,0,0,0,,missing,0,0,0,{},True,True,0,
20260708,0,0,291,0,0,0,0,0,not_run,0,0,0,0,0,0,0,0,0,0,0,0,0,not_run,no_strict_raw,,d2f0057bd4cdd4c7a3c6c2431f6449a72c327284,1696aab4b60098bd8168c3ddf22814b9d09727ec11202d6fd99d7c2f1643bc58,0,0,291,,0.0,0,0,0,0,0,0,0,0,0,,0,0,0,0,,missing,0,0,0,{},True,True,0,
20260709,0,0,294,0,0,0,0,0,not_run,0,0,0,0,0,0,0,0,0,0,0,0,0,not_run,no_strict_raw,,d2f0057bd4cdd4c7a3c6c2431f6449a72c327284,1696aab4b60098bd8168c3ddf22814b9d09727ec11202d6fd99d7c2f1643bc58,0,0,294,,0.0,0,0,0,0,0,0,0,0,0,,0,0,0,0,,missing,0,0,0,{},True,True,0,
20260710,0,0,294,0,0,0,0,0,not_run,0,0,0,0,0,0,0,0,0,0,0,0,0,not_run,no_strict_raw,,d2f0057bd4cdd4c7a3c6c2431f6449a72c327284,1696aab4b60098bd8168c3ddf22814b9d09727ec11202d6fd99d7c2f1643bc58,0,0,294,,0.0,0,0,0,0,0,0,0,0,0,,0,0,0,0,,missing,0,0,0,{},True,True,0,
20260711,0,0,294,0,0,0,0,0,not_run,0,0,0,0,0,0,0,0,0,0,0,0,0,not_run,no_strict_raw,,d2f0057bd4cdd4c7a3c6c2431f6449a72c327284,1696aab4b60098bd8168c3ddf22814b9d09727ec11202d6fd99d7c2f1643bc58,0,0,294,,0.0,0,0,0,0,0,0,0,0,0,,0,0,0,0,,missing,0,0,0,{},True,True,0,
20260712,0,0,297,0,0,0,0,0,not_run,0,0,0,0,0,0,0,0,0,0,0,0,0,not_run,no_strict_raw,,d2f0057bd4cdd4c7a3c6c2431f6449a72c327284,1696aab4b60098bd8168c3ddf22814b9d09727ec11202d6fd99d7c2f1643bc58,0,0,297,,0.0,0,0,0,0,0,0,0,0,0,,0,0,0,0,,missing,0,0,0,{},True,True,0,
20260713,0,0,297,0,0,0,0,0,not_run,0,0,0,0,0,0,0,0,0,0,0,0,0,not_run,no_strict_raw,,d2f0057bd4cdd4c7a3c6c2431f6449a72c327284,1696aab4b60098bd8168c3ddf22814b9d09727ec11202d6fd99d7c2f1643bc58,0,0,297,,0.0,0,0,0,0,0,0,0,0,0,,0,0,0,0,,missing,0,0,0,{},True,True,0,
20260714,0,0,300,0,0,0,0,0,not_run,0,0,0,0,0,0,0,0,0,0,0,0,0,not_run,no_strict_raw,,d2f0057bd4cdd4c7a3c6c2431f6449a72c327284,1696aab4b60098bd8168c3ddf22814b9d09727ec11202d6fd99d7c2f1643bc58,0,0,300,,0.0,0,0,0,0,0,0,0,0,0,,0,0,0,0,,missing,0,0,0,{},True,True,0,
20260715,50,50,300,50,11465,442,456,123,reply_received,40163,39532,34049,16506,635,17,17,17,0,0,0,0,0,true_zero_catalog,quality_ok,,d2f0057bd4cdd4c7a3c6c2431f6449a72c327284,1696aab4b60098bd8168c3ddf22814b9d09727ec11202d6fd99d7c2f1643bc58,50,0,250,1.0,0.16666666666666666,456,40163,34,0,0,0,413,36,17,True,1015867,975704,50,50,"{""ok"": 50}",ok,39532,635,21,{},True,True,1115635,0.0
