category,exists,hash_status,mtime_utc,path,sha256,size_bytes
production_code,True,ok,2026-03-30T14:08:37.758708+00:00,/pipeline/xiaoyunao/survey/config.py,ad718365591743308931374e8d0e994696c4823786d70f3bbdadcedc6e47ebaa,2668
production_code,True,ok,2026-03-30T14:08:37.785707+00:00,/pipeline/xiaoyunao/survey/scheduler.py,7b540cb104a9dfcd321562a35db3a01f1573f31c1eddc2758acf71b5afb3e10e,15481
production_code,True,ok,2026-03-29T12:38:36+00:00,/pipeline/xiaoyunao/survey/run_daily.py,fc897f1cd35d8d3300f40edf1320db927105b241f67a1f34643113edd3245631,8123
production_code,True,ok,2026-06-24T08:37:39+00:00,/pipeline/xiaoyunao/survey/run_daily.sh,d6d13aa9c4b61a91656692f072996383023ea5331c21a85360ef90f3962f138f,2779
production_code,True,ok,2026-06-19T04:19:57.088401+00:00,/pipeline/xiaoyunao/known_asteroid/match_single_night.py,f6fdbe70910a3bb8b22495075137685c5c629086feba30621b20b6ded85e26a6,16100
production_code,True,ok,2026-06-18T03:18:12.059378+00:00,/pipeline/xiaoyunao/known_asteroid/slurm_match_one_file.sh,1f457d0ab9b5561c8a3f9d4786e7cf21d1cd7c99ae86154f50094ccb0cc8bcd2,2428
production_code,True,ok,2026-06-21T03:44:57.060429+00:00,/pipeline/xiaoyunao/known_asteroid/export_ades.py,9a5926c13a4b7f23f8f06f9c22b98aada1699c00fb42596a2c7f617f1b107875,15993
production_code,True,ok,2026-06-19T06:21:16.899442+00:00,/pipeline/xiaoyunao/known_asteroid/slurm_merge_submit.sh,1cc0c3a021cbd9d71bfddfd7b024542f1e1ed225beb863c8f47b463ea4cae171,4231
production_code,True,ok,2026-06-21T03:42:28.106097+00:00,/pipeline/xiaoyunao/heliolincrr/run_daily_pipeline.sh,9ef39e26d8e65a3f2f484ec84db2afa4d54799bec905f06ed6bcd8eac31f0227,4546
production_code,True,ok,2026-06-24T08:40:17+00:00,/pipeline/xiaoyunao/heliolincrr/run_daily_unknown.sh,a67e1d00f5c04a693925f02fae52b69445c3744cd7317ef5f445004f32ed3718,8736
production_code,True,ok,2026-06-20T04:38:56.476863+00:00,/pipeline/xiaoyunao/heliolincrr/run_single_night.sh,f245c66e73fb567f15c81210dc0e5a62bc667e033c27d966acaa94630d6c5a48,10305
production_code,True,ok,2026-05-14T08:25:40.062606+00:00,/pipeline/xiaoyunao/heliolincrr/mask_gaia.py,8b7f71bdd8432ab9e3e7676fc1f9995bb8ec7d7b5577c5cd30ebb6b0b115da4c,13291
production_code,True,ok,2026-05-14T06:40:50.550087+00:00,/pipeline/xiaoyunao/heliolincrr/make_tracklet_linreproj.py,9a38aed6794818fbc5f658eeda21cd364843d472d673e473ea9512755c365342,30085
production_code,True,ok,2026-05-14T06:40:50.334085+00:00,/pipeline/xiaoyunao/heliolincrr/run_linear_links_from_tracklets.py,f55dfe6b06d29993312562b5e426b18122c2cd251ce89f3705442d6e8cdd16bd,12828
production_code,True,ok,2026-05-14T06:40:50.415085+00:00,/pipeline/xiaoyunao/heliolincrr/orbit_confirm_links.py,993186b4125370c8a38d35614715322ebb098769e42782c0a607ccea89793c2f,44280
production_code,True,ok,2026-06-20T04:38:56.475539+00:00,/pipeline/xiaoyunao/heliolincrr/summarize_single_night.py,f93b04ebfe4816ab54845948dd5811c7e955f4393c90b8d256841069e69ab00e,32057
production_code,True,ok,2026-06-20T04:38:56.493172+00:00,/pipeline/xiaoyunao/heliolincrr/export_unknown_ades.py,78fdd74d2008772e45d35868d3bba87d01e331288d13e45431a71176df3153b2,22784
dependency,True,ok,2026-04-02T11:37:27.206048+00:00,/pipeline/xiaoyunao/known_asteroid/astorb.dat,ea22c7062e7349d9add34fb64835916d66705ad60a717cc7c86a0c47f5aa3040,407447100
dependency,True,ok,2025-12-18T11:37:38.775131+00:00,/pipeline/xiaoyunao/known_asteroid/de432s.bsp,363f32e14f5255359ac32c4d38080cf28ab55564a5e16696a75f63394b666e9b,10895360
dependency,True,ok,2026-03-29T09:17:09.857195+00:00,/pipeline/xiaoyunao/survey/footprints/survey_fov_footprints_with_visibility.fits,13f394877ce26e50e5cee5053a4ad845f412be4520421e46931b3e157d9e0225,178560
