night,product,provenance_path,provenance_basename,provenance_size_bytes,provenance_mtime_utc,source_row,source_file,trk_sub,linkage_id,n_tracklets,n_obs,fit_ok,is_good,rms_arcsec,med_arcsec,max_arcsec,a_au,ecc,inc_deg,raan_deg,argp_deg,nu_deg,best_v1_kms,lin_rms_arcsec,lin_speed_arcsec_per_day,lin_dir_deg,tracklet_ids,image_names,objids,mjds,ras_deg,decs_deg,groups,exp_pairs,review_member_rows,unique_detection_n,first_mjd,median_mjd,last_mjd,median_ra_deg,median_dec_deg,median_mag_aper4,median_mag_psf,median_x_px,median_y_px,time_span_hours,speed_arcsec_per_hour,final_paper_status,initial_human_selected,posthoc_retained,ecliptic_lon_j2000_deg,ecliptic_lat_j2000_deg,solar_elongation_deg,astronomical_dusk_mjd,astronomical_dawn_mjd,hours_after_astronomical_dusk,hours_before_astronomical_dawn,nearest_astronomical_twilight,nearest_twilight_abs_hours,nearest_twilight_signed_hours,jpl_object_name,jpl_ra,jpl_dec,separation_arcsec,jpl_visual_magnitude,jpl_ra_rate_arcsec_per_hour,jpl_dec_rate_arcsec_per_hour,jpl_speed_arcsec_per_hour,jpl_direction_deg,candidate_speed_arcsec_per_hour,candidate_direction_deg,speed_difference_arcsec_per_hour,direction_difference_deg,estimated_error_ra_arcsec,estimated_error_dec_arcsec,joint_score,strict_candidate_association,plausible_candidate_association,jpl_query_state,identification_authority_state
20251121,unknown_catalog,/processed1/20251121/L4/20251121_unknown_links.fits,20251121_unknown_links.fits,51840,2026-06-19T20:37:59.957527+00:00,39,OBJ_MP_1602_0203.fits.gz;OBJ_MP_1602_0229.fits.gz;OBJ_MP_1602_0255.fits.gz,000004r,598,2,3,True,True,0.1672305251550027,0.0,0.2896517661448899,-2.3534336924446655,2.7421353305958993,43.95820500167488,355.59958768044703,31.47990197867132,0.0059458662426887,28.455153392902016,0.1316941620779268,215.69215493449843,68.17264328163373,20251121004300010009;20251121004301020035,OBJ_MP_1602_0203.fits.gz;OBJ_MP_1602_0229.fits.gz;OBJ_MP_1602_0255.fits.gz,4748;4778;4874,61000.51464639;61000.54056649;61000.56642580,8.99860164;8.99924118;8.99983008,20.12030661;20.12167420;20.12318659,42;42;42,0->1;0->1;1->2,3,3,61000.51447277778,61000.54039288194,61000.5662521875,8.99924117706019,20.121674204238477,18.928586959838867,17.145160675048828,8300.522738294247,2429.9981040604334,1.2427058332250454,8.987173122270768,retained_after_posthoc_audit,True,True,16.323556530356203,14.905721347060746,135.06190282062445,61000.43305746945,61000.894481495925,2.5760498999152333,8.498126735561527,dusk,2.5760498999152333,2.5760498999152333,,,,,,,,,,,,,,,,,,,no_candidate_within_search_radius,unverified_requires_mpc_submission_reconciliation
20251124,unknown_catalog,/processed1/20251124/L4/20251124_unknown_links.fits,20251124_unknown_links.fits,14400,2026-06-19T21:19:45.007746+00:00,0,OBJ_MP_0517_0034.fits.gz;OBJ_MP_0517_0070.fits.gz;OBJ_MP_0517_0097.fits.gz,000006v,0,2,3,True,True,1.5136650034413317,0.0,2.621744691599306,0.8552354476523216,0.9877568309132454,67.38168569208776,198.890882434482,0.6114680570912017,-179.99777829926384,2.5276545288072083,1.163673369159325,621.5416713235846,171.0991429892712,20251124000200010002;20251124000201020030,OBJ_MP_0517_0034.fits.gz;OBJ_MP_0517_0070.fits.gz;OBJ_MP_0517_0097.fits.gz,403;496;473,61003.42132541;61003.48477044;61003.51163584,347.99402080;347.98313811;347.97774761,-17.28096017;-17.27888022;-17.27866790,1;1;1,0->1;0->1;1->2,3,3,61003.421151793984,61003.484596828705,61003.51146223379,347.9831381132704,-17.27888021957058,17.478530883789062,17.402278900146484,882.2235461186392,719.3405183779571,2.167450555425603,25.897569638482693,retained_after_posthoc_audit,True,True,342.15881766186544,-11.154232969993569,103.2445090096124,61003.432219369075,61003.89646435371,1.2570590311079286,9.884820600156672,dusk,1.2570590311079286,1.2570590311079286,,,,,,,,,,,,,,,,,,,no_candidate_within_search_radius,unverified_requires_mpc_submission_reconciliation
20251125,unknown_catalog,/processed1/20251125/L4/20251125_unknown_links.fits,20251125_unknown_links.fits,17280,2026-06-19T21:23:21.865609+00:00,1,OBJ_MP_0782_0038.fits.gz;OBJ_MP_0782_0066.fits.gz;OBJ_MP_0782_0094.fits.gz,000006K,21,2,3,True,True,0.3115509763174687,0.0030735851265057,0.5396133667799324,0.7962863041148304,0.6325786839385538,26.964063653139913,10.348816634579135,196.8741760736114,-179.98833198360066,15.834474206389872,0.2626815124055096,1336.5342631364283,41.8689897028552,20251125000900010015;20251125000901020033,OBJ_MP_0782_0038.fits.gz;OBJ_MP_0782_0066.fits.gz;OBJ_MP_0782_0094.fits.gz,5146;5161;7243,61004.41529225;61004.44424222;61004.47318921,340.52900657;340.53732796;340.54545133,-13.26314937;-13.25609732;-13.24880310,8;8;8,0->1;0->1;1->2,3,3,61004.41511863426,61004.44406861111,61004.47301560185,340.537327962366,-13.256097316853907,17.534048080444336,17.430818557739258,6486.861876710867,4848.416219708953,1.3895272221998312,55.68892763068451,retained_after_posthoc_audit,True,True,337.0386704116901,-4.66814031762105,98.15883242690975,61004.431985840674,61004.89711426733,0.2899864905048162,10.873095749295317,dusk,0.2899864905048162,0.2899864905048162,124941 (2001 TR79),22:42:09,"-13 13'12""",129.9,20.2,53.82,25.7,59.64128100569269,25.52529892338911,55.68892763068451,41.8689897028552,3.9523533750081796,16.3436907794661,121.2,121.2,26.106260486388752,False,False,candidate_rows_within_search_radius,unverified_requires_mpc_submission_reconciliation
20251125,unknown_catalog,/processed1/20251125/L4/20251125_unknown_links.fits,20251125_unknown_links.fits,17280,2026-06-19T21:23:21.865609+00:00,9,OBJ_MP_0786_0052.fits.gz;OBJ_MP_0786_0080.fits.gz;OBJ_MP_0786_0108.fits.gz,000006S,132,2,3,True,True,0.8722503903425757,0.0,1.5107819929951267,1.5646742283662995,0.8534209613117614,85.27892941629035,7.953498346687426,179.34485319802366,-179.99779721309636,6.69622536819895,0.7099873402043746,448.39374143331526,142.2006615619101,20251125002300010038;20251125002301020089,OBJ_MP_0786_0052.fits.gz;OBJ_MP_0786_0080.fits.gz;OBJ_MP_0786_0108.fits.gz,5266;5954;5551,61004.43132444;61004.46017176;61004.48898243,350.43123369;350.42875402;350.42549052,-8.85604952;-8.85400117;-8.85164792,22;22;22,0->1;0->1;1->2,3,3,61004.431150833334,61004.45999814815,61004.48880881944,350.4287540182994,-8.854001174370154,18.173261642456055,18.238977432250977,7332.696173955217,4254.507336151472,1.383791666594334,18.68307255972147,retained_after_posthoc_audit,True,True,347.72459627893227,-4.351304645007743,108.80875787932216,61004.431985840674,61004.89711426733,0.6722953794524074,10.490786860347724,dusk,0.6722953794524074,0.6722953794524074,,,,,,,,,,,,,,,,,,,no_candidate_within_search_radius,unverified_requires_mpc_submission_reconciliation
20251203,unknown_catalog,/processed1/20251203/L4/20251203_unknown_links.fits,20251203_unknown_links.fits,40320,2026-06-19T21:38:43.202032+00:00,48,OBJ_MP_0969_0322.fits.gz;OBJ_MP_0969_0348.fits.gz;OBJ_MP_0969_0374.fits.gz,000008u,343,2,3,True,True,0.2655821812194292,0.0,0.4600018314570163,1.2204301524939027,0.0651982024492051,23.43308466181008,0.7185962712870867,263.1020397181396,-179.98164747709478,25.25696768433281,0.280269562532293,221.49257893614688,163.03814621778065,20251203011800010003;20251203011801020014,OBJ_MP_0969_0322.fits.gz;OBJ_MP_0969_0348.fits.gz;OBJ_MP_0969_0374.fits.gz,6663;7122;7354,61012.72509896;61012.75398719;61012.78219118,117.63044697;117.62875037;117.62684975,20.88945448;20.89009063;20.89047830,117;117;117,0->1;0->1;1->2,3,3,61012.724925347226,61012.75381357639,61012.78201756944,117.62875037003016,20.890090630635573,17.774917602539062,17.79090118408203,4095.366277073692,2603.8837698668644,1.3702133332262747,9.228857455672786,retained_after_posthoc_audit,True,True,115.6800958989056,-0.1203464333520492,123.7398860318261,61012.43094247939,61012.90205399763,7.748906327993609,3.5577701098518446,dawn,3.5577701098518446,-3.5577701098518446,,,,,,,,,,,,,,,,,,,no_candidate_within_search_radius,unverified_requires_mpc_submission_reconciliation
20251204,unknown_catalog,/processed1/20251204/L4/20251204_unknown_links.fits,20251204_unknown_links.fits,23040,2026-06-19T21:57:39.832334+00:00,14,OBJ_MP_0968_0423.fits.gz;OBJ_MP_0968_0449.fits.gz;OBJ_MP_0968_0475.fits.gz,0000098,274,2,3,True,True,0.0331985136989447,0.0,0.0575015124623437,5.831336748206895,0.296902206955448,22.753958328705146,9.878698191228642,95.02493682480882,0.0035838120557554,16.751542389748227,0.025767316068528,252.4466137811889,161.9380474042935,20251204014800010003;20251204014801020147,OBJ_MP_0968_0423.fits.gz;OBJ_MP_0968_0449.fits.gz;OBJ_MP_0968_0475.fits.gz,9934;9026;8460,61013.84446340;61013.87103088;61013.89747774,114.92420686;114.92231621;114.92041003,21.42643001;21.42701782;21.42758261,147;147;147,0->1;0->1;1->2,3,3,61013.84428979167,61013.87085726852,61013.89730413195,114.92231621326911,21.427017819861742,17.224042892456055,17.210651397705078,4247.407591378727,2888.1107994042727,1.272344166703988,10.518608907549536,retained_after_posthoc_audit,True,True,113.10111156617994,-0.0362383055525939,126.37867602476638,61013.43091483088,61013.90263297996,10.558618503331672,0.7626170745352283,dawn,0.7626170745352283,-0.7626170745352283,(2018 UL40),07:39:41,"+21 28'11""",153.9,22.4,-19.74,10.63,22.420180641555945,151.69751340054967,10.518608907549536,161.9380474042935,11.901571734006408,10.240534003743846,113.7,113.7,31.3666851580103,False,False,candidate_rows_within_search_radius,unverified_requires_mpc_submission_reconciliation
20251204,unknown_catalog,/processed1/20251204/L4/20251204_unknown_links.fits,20251204_unknown_links.fits,23040,2026-06-19T21:57:39.832334+00:00,23,OBJ_MP_0969_0427.fits.gz;OBJ_MP_0969_0453.fits.gz;OBJ_MP_0969_0479.fits.gz,000009h,306,2,3,True,True,0.3016814222899489,0.0,0.5225275511058335,5.499622340117905,0.2544942643573347,22.8643491983179,4.918541506973808,101.64735227066848,0.0035243844302251,16.47538325353662,0.2454535329392044,226.82736871619005,165.5232165683426,20251204015200010004;20251204015201020018,OBJ_MP_0969_0427.fits.gz;OBJ_MP_0969_0453.fits.gz;OBJ_MP_0969_0479.fits.gz,6498;6223;5154,61013.84842862;61013.87498003;61013.90143775,117.56009676;117.55827662;117.55663495,20.90866164;20.90895977;20.90949673,151;151;151,0->1;0->1;1->2,3,3,61013.84825501157,61013.87480642361,61013.90126414352,117.55827661534876,20.908959766245587,17.648366928100586,17.666749954223633,4132.425214334464,2365.242403001558,1.2722191666834988,9.451140363174586,retained_after_posthoc_audit,True,True,115.61191099692572,-0.113930954118296,123.87074305165126,61013.43091483088,61013.90263297996,10.653398225549608,0.6678373523172922,dawn,0.6678373523172922,-0.6678373523172922,74110 (1998 QU37),07:50:15,"+20 56'23""",112.3,19.2,-16.92,1.291,16.969180327876774,175.63677254472054,9.451140363174586,165.5232165683426,7.518039964702188,10.113555976377938,117.0,117.0,22.794838700297664,False,False,candidate_rows_within_search_radius,unverified_requires_mpc_submission_reconciliation
20251204,unknown_catalog,/processed1/20251204/L4/20251204_unknown_links.fits,20251204_unknown_links.fits,23040,2026-06-19T21:57:39.832334+00:00,27,OBJ_MP_0965_0429.fits.gz;OBJ_MP_0965_0455.fits.gz;OBJ_MP_0965_0481.fits.gz,000009l,317,2,3,True,True,0.4424147941171867,0.0,0.766284901431092,1.2271145937058452,0.059395764925614,23.669061667767146,357.0397631851546,263.74682069588715,-179.98291318282244,25.335233067425623,0.4387991083233378,936.0764111147316,183.58822137494087,20251204015400010003;20251204015401020014,OBJ_MP_0965_0429.fits.gz;OBJ_MP_0965_0455.fits.gz;OBJ_MP_0965_0481.fits.gz,17033;15697;13376,61013.85057814;61013.87713318;61013.90356872,106.44173328;106.43396364;106.42668059,24.00005397;23.99977698;23.99919140,153;153;153,0->1;0->1;1->2,3,3,61013.85040452546,61013.87695957176,61013.90339510416,106.43396364049946,23.99977697907328,17.83401107788086,17.909395217895508,8658.153188049746,3230.150479726857,1.2717738889041357,39.00318379644715,retained_after_posthoc_audit,True,True,104.98863281837411,1.411215135927353,134.42887544320027,61013.43091483088,61013.90263297996,10.70507378107868,0.6161617967882194,dawn,0.6161617967882194,-0.6161617967882194,,,,,,,,,,,,,,,,,,,no_candidate_within_search_radius,unverified_requires_mpc_submission_reconciliation
20251207,unknown_catalog,/processed1/20251207/L4/20251207_unknown_links.fits,20251207_unknown_links.fits,54720,2026-06-19T22:22:38.942697+00:00,17,OBJ_MP_1210_0048.fits.gz;OBJ_MP_1210_0076.fits.gz;OBJ_MP_1210_0104.fits.gz,00000aG,298,2,3,True,True,0.0285584413220693,0.0,0.0494646713547985,3.665417898460688,0.1185627708545725,23.06083460365217,289.6090856260487,292.27631808924224,-179.99683366396718,13.81010183375071,0.0227143154625013,522.0210291905761,230.4676683684961,20251207001500010019;20251207001501020048,OBJ_MP_1210_0048.fits.gz;OBJ_MP_1210_0076.fits.gz;OBJ_MP_1210_0104.fits.gz,8657;9111;8837,61016.43276698;61016.46243341;61016.48958198,35.00367883;35.00076238;34.99810468,19.82921443;19.82590861;19.82286000,14;14;14,0->1;0->1;1->2,3,3,61016.43259336805,61016.46225980325,61016.489408368056,35.00076238193964,19.825908614221383,16.027873992919922,16.053089141845703,5021.120751667171,5651.504026046064,1.363560000085272,21.750876216274005,retained_after_posthoc_audit,True,True,39.269532054627014,5.540451274713221,158.5759642580363,61016.430967746266,61016.904309212754,0.7510093674645759,10.609185828245243,dusk,0.7510093674645759,0.7510093674645759,5599 (1991 SG1),02:19:58,"+19 49'20""",35.23,16.2,-13.79,-16.7,21.657656844635802,230.45186017828104,21.750876216274005,230.4676683684961,0.09321937163820238,0.015808190215068407,92.3,92.3,7.046154338488544,False,False,candidate_rows_within_search_radius,unverified_requires_mpc_submission_reconciliation
20251207,unknown_catalog,/processed1/20251207/L4/20251207_unknown_links.fits,20251207_unknown_links.fits,54720,2026-06-19T22:22:38.942697+00:00,54,OBJ_MP_0276_0136.fits.gz;OBJ_MP_0276_0165.fits.gz;OBJ_MP_0276_0194.fits.gz,00000bh,896,2,3,True,True,0.675748503023798,0.0030735851265057,1.1704267047069552,1.4157145024535016,0.0817357652645305,19.643606341389265,2.602699885091426,65.80179495863365,0.0196905585339959,27.16952413246923,0.5846614120191747,610.4726702628133,162.797778902172,20251207004600010020;20251207004601020044,OBJ_MP_0276_0136.fits.gz;OBJ_MP_0276_0165.fits.gz;OBJ_MP_0276_0194.fits.gz,9727;9736;9890,61016.52105243;61016.54869428;61016.57799517,48.84832786;48.84417911;48.83909598,3.17453898;3.17601763;3.17739650,45;45;45,0->1;0->1;1->2,3,3,61016.52087881944,61016.5485206713,61016.5778215625,48.84417910724284,3.176017626942899,17.84528350830078,18.14187240600586,1650.339655713444,7427.288097404698,1.3666258334415031,25.43636126095055,retained_after_posthoc_audit,True,True,47.29073944344747,-14.37238199595835,162.04851247300883,61016.430967746266,61016.904309212754,2.8212702007731423,8.538924994936679,dusk,2.8212702007731423,2.8212702007731423,,,,,,,,,,,,,,,,,,,no_candidate_within_search_radius,unverified_requires_mpc_submission_reconciliation
20251208,unknown_catalog,/processed1/20251208/L4/20251208_unknown_links.fits,20251208_unknown_links.fits,28800,2026-06-19T22:49:39.118710+00:00,14,OBJ_MP_1210_0055.fits.gz;OBJ_MP_1210_0083.fits.gz;OBJ_MP_1210_0111.fits.gz,00000cs,449,2,3,True,True,0.0163604061689552,0.0030735851265057,0.0281698729942059,3.3040368381776677,0.0012217897043561,21.55593699135638,318.4510265900238,87.6467469754704,0.0047830333059611,16.405946493323977,0.014996751283622,497.6980885870791,232.22603889423468,20251208002600010026;20251208002601020060,OBJ_MP_1210_0055.fits.gz;OBJ_MP_1210_0083.fits.gz;OBJ_MP_1210_0111.fits.gz,9381;9181;8505,61017.45302856;61017.48204713;61017.51117619,34.91570847;34.91309582;34.91047775,19.71500968;19.71184720;19.70865549,25;25;25,0->1;0->1;1->2,3,3,61017.452854953706,61017.48187351852,61017.51100258102,34.91309581737564,19.71184720022901,16.15353775024414,16.16417121887207,4674.524269274315,5371.393434598873,1.395543055550661,20.737420357794964,retained_after_posthoc_audit,True,True,39.15368130285607,5.459694646528244,158.43638621097224,61017.431030422624,61017.90484633721,1.2202343014650978,10.151347648585215,dusk,1.2202343014650978,1.2202343014650978,5599 (1991 SG1),02:19:37,"+19 42'30""",34.77,16.3,-12.68,-16.39,20.722318885684587,232.27294180641871,20.737420357794964,232.22603889423468,0.015101472110377046,0.04690291218403786,91.27,91.27,6.954005681076677,False,False,candidate_rows_within_search_radius,unverified_requires_mpc_submission_reconciliation
20251208,unknown_catalog,/processed1/20251208/L4/20251208_unknown_links.fits,20251208_unknown_links.fits,28800,2026-06-19T22:49:39.118710+00:00,38,OBJ_MP_1103_0311.fits.gz;OBJ_MP_1103_0338.fits.gz;OBJ_MP_1103_0365.fits.gz,00000cR,1115,2,3,True,True,0.0845654931169765,0.0,0.1464717306457196,1.38605058504359,0.06208329602776,23.840010849782153,359.7314758951508,86.1759719069974,0.0179691041938349,26.921591304900588,0.1109475876084787,301.5272054278414,168.5434341136023,20251208013000010008;20251208013001020046,OBJ_MP_1103_0311.fits.gz;OBJ_MP_1103_0338.fits.gz;OBJ_MP_1103_0365.fits.gz,8268;8094;7603,61017.75977203;61017.78600181;61017.81221509,113.95591743;113.95355964;113.95123752,23.09028625;23.09078606;23.09115869,129;129;129,0->1;0->1;1->2,3,3,61017.759598414355,61017.78582819444,61017.81204148149,113.95355964433988,23.090786064143124,17.121566772460938,17.148868560791016,600.4174276402962,2454.4699969277103,1.2586336110834964,12.563633559493391,retained_after_posthoc_audit,True,True,111.94288881586355,1.4572541295618626,127.70194492420906,61017.431030422624,61017.90484633721,8.515146523655858,2.856435426394455,dawn,2.856435426394455,-2.856435426394455,,,,,,,,,,,,,,,,,,,no_candidate_within_search_radius,unverified_requires_mpc_submission_reconciliation
20251208,unknown_catalog,/processed1/20251208/L4/20251208_unknown_links.fits,20251208_unknown_links.fits,28800,2026-06-19T22:49:39.118710+00:00,40,OBJ_MP_0967_0314.fits.gz;OBJ_MP_0967_0341.fits.gz;OBJ_MP_0967_0368.fits.gz,00000cT,1141,2,3,True,True,0.1094040888009007,0.0,0.1894934403589372,5.884239135801841,0.3032234238716475,24.42393093813755,2.1717557030349375,101.96573037202492,0.0035543094746695,16.792317020496743,0.0874896610587965,311.0701444369908,167.34953358586463,20251208013300010024;20251208013301020098,OBJ_MP_0967_0314.fits.gz;OBJ_MP_0967_0341.fits.gz;OBJ_MP_0967_0368.fits.gz,31906;31969;35026,61017.76277611;61017.78901809;61017.81522635,113.95568799;113.95322766;113.95088076,23.09028017;23.09076767;23.09127273,132;132;132,0->1;0->1;1->2,3,3,61017.7626025,61017.78884447917,61017.815052743055,113.9532276620022,23.090767670420227,17.247882843017578,17.16469383239746,8057.635236777652,8407.80979344421,1.25880583334947,12.96125601820795,retained_after_posthoc_audit,True,True,111.94259032241597,1.457186645394729,127.70241503990924,61017.431030422624,61017.90484633721,8.587537357059773,2.78404459299054,dawn,2.78404459299054,-2.78404459299054,,,,,,,,,,,,,,,,,,,no_candidate_within_search_radius,unverified_requires_mpc_submission_reconciliation
20251209,unknown_catalog,/processed1/20251209/L4/20251209_unknown_links.fits,20251209_unknown_links.fits,43200,2026-06-19T23:01:31.771083+00:00,64,OBJ_MP_0969_0457.fits.gz;OBJ_MP_0969_0484.fits.gz;OBJ_MP_0969_0511.fits.gz,00000e2,1083,2,3,True,True,0.3318143578503113,0.0,0.5747193264775802,1.3373163364400535,0.0279038976873606,23.429182014787433,0.8532958350575427,86.96105806502538,0.0182366757440274,26.484860782554488,0.2820621332583253,279.05819969104846,167.87802706157777,20251209014300010004;20251209014301020012,OBJ_MP_0969_0457.fits.gz;OBJ_MP_0969_0484.fits.gz;OBJ_MP_0969_0511.fits.gz,3285;3143;3054,61018.84675942;61018.87474032;61018.90086105,117.19939510;117.19716805;117.19500204,21.00195765;21.00257206;21.00283463,142;142;142,0->1;0->1;1->2,3,3,61018.846585810184,61018.87456671296,61018.90068744213,117.19716804920762,21.002572058584548,17.909584045410156,17.841562271118164,4434.304633005997,1361.8999590656515,1.2984391667414457,11.62742498712702,retained_after_posthoc_audit,True,True,115.26326216876171,-0.0835838382350894,124.49878667691026,61018.43111544797,61018.90537201037,10.642830359749496,0.7393271377659403,dawn,0.7393271377659403,-0.7393271377659403,,,,,,,,,,,,,,,,,,,no_candidate_within_search_radius,unverified_requires_mpc_submission_reconciliation
20251214,unknown_catalog,/processed1/20251214/L4/20251214_unknown_links.fits,20251214_unknown_links.fits,31680,2026-06-19T23:50:27.884906+00:00,27,OBJ_MP_1351_0029.fits.gz;OBJ_MP_1351_0059.fits.gz;OBJ_MP_1351_0089.fits.gz,00000gA,260,2,3,True,True,0.1247234435562645,0.0,0.2160273411343992,1.9173619243435316,0.1133651017644098,28.428627949454462,7.489145100730212,65.17253520284697,0.0142170709832704,24.10390768306589,0.1156659688405822,722.499050795012,177.6921856631161,20251214001500010031;20251214001501020062,OBJ_MP_1351_0029.fits.gz;OBJ_MP_1351_0059.fits.gz;OBJ_MP_1351_0089.fits.gz,28829;31235;31908,61023.45326747;61023.48376770;61023.51386998,53.62564755;53.61876335;53.61198598,27.18278573;27.18309980;27.18327520,14;14;14,0->1;0->1;1->2,3,3,61023.453093854165,61023.48359408565,61023.51369636574,53.61876334636927,27.183099803231713,18.644132614135746,18.75204086303711,6096.666363347524,8428.564322351856,1.4544602778623812,30.10412711645883,retained_after_posthoc_audit,True,True,57.83227526128056,7.716567417230397,170.81827269625262,61023.4318693523,61023.9078108041,1.2413936003576964,10.181201242783573,dusk,1.2413936003576964,1.2413936003576964,,,,,,,,,,,,,,,,,,,no_candidate_within_search_radius,unverified_requires_mpc_submission_reconciliation
20251215,unknown_catalog,/processed1/20251215/L4/20251215_unknown_links.fits,20251215_unknown_links.fits,63360,2026-06-20T00:03:40.532759+00:00,36,OBJ_MP_1351_0044.fits.gz;OBJ_MP_1351_0074.fits.gz;OBJ_MP_1351_0104.fits.gz,00000hz,246,2,3,True,True,0.1011951939292949,0.0,0.1752752173673243,3.0224889059532156,0.3564979494153702,53.403376664125624,38.31819742875276,214.19416085758775,-179.99702774439868,11.799840963391452,0.073846704600314,705.2998564021708,176.8142409825661,20251215001500010023;20251215001501020052,OBJ_MP_1351_0044.fits.gz;OBJ_MP_1351_0074.fits.gz;OBJ_MP_1351_0104.fits.gz,24949;27138;25684,61024.44928488;61024.47982240;61024.51170332,53.41090022;53.40413561;53.39717273,27.18987992;27.19021747;27.19055959,14;14;14,0->1;0->1;1->2,3,3,61024.44911127315,61024.47964878472,61024.511529710646,53.40413560584203,27.190217469251714,18.682588577270508,18.726255416870117,6116.0719099392145,7841.796556638531,1.4980424999375828,29.387494016757117,retained_after_posthoc_audit,True,True,57.64687550353936,7.769060030999155,170.70788790252143,61024.432084209446,61024.90825729019,1.1415498065762222,10.28660413128091,dusk,1.1415498065762222,1.1415498065762222,,,,,,,,,,,,,,,,,,,no_candidate_within_search_radius,unverified_requires_mpc_submission_reconciliation
20251216,unknown_catalog,/processed1/20251216/L4/20251216_unknown_links.fits,20251216_unknown_links.fits,54720,2026-06-20T00:34:23.893528+00:00,22,OBJ_MP_1351_0070.fits.gz;OBJ_MP_1351_0100.fits.gz;OBJ_MP_1351_0130.fits.gz,00000jr,232,2,3,True,True,0.3743722574675839,0.0,0.6484317708781123,1.3821784746844106,0.059455765997205,26.006710239021807,4.008068769870906,73.92820046203937,0.0217836683629318,26.88826947206082,0.3805318535732704,694.9330127129508,176.96202806814262,20251216001500010020;20251216001501020039,OBJ_MP_1351_0070.fits.gz;OBJ_MP_1351_0100.fits.gz;OBJ_MP_1351_0130.fits.gz,23766;24098;25026,61025.44208306;61025.47392160;61025.50573777,53.20137741;53.19472328;53.18758166,27.19670294;27.19698029;27.19735417,14;14;14,0->1;0->1;1->2,3,3,61025.441909444446,61025.473747986114,61025.50556415509,53.19472327722889,27.19698029259082,18.529150009155273,18.636703491210938,6141.024970123843,7235.932782909634,1.5277130555477925,28.95554219637295,retained_after_posthoc_audit,True,True,57.46599106275195,7.820323347929113,170.5948533707241,61025.432319744585,61025.908688949974,0.9942777967080474,10.438583132636268,dusk,0.9942777967080474,0.9942777967080474,570002 (2006 BL119),03:32:38,"+27 11'27""",118.8,20.7,-20.23,-16.34,26.004778407054346,218.92820283178705,28.95554219637295,176.96202806814262,2.9507637893186036,41.96617476364443,86.58,86.58,24.172834959474983,False,False,candidate_rows_within_search_radius,unverified_requires_mpc_submission_reconciliation
20251217,unknown_catalog,/processed1/20251217/L4/20251217_unknown_links.fits,20251217_unknown_links.fits,28800,2026-06-20T01:00:13.596855+00:00,36,OBJ_MP_1102_0391.fits.gz;OBJ_MP_1102_0417.fits.gz;OBJ_MP_1102_0443.fits.gz,00000lw,1025,2,3,True,True,0.0400353389507636,0.0,0.0693432411609638,6.841635294163771,0.4007280685090779,24.516459372553655,1.0902647368962923,104.1997840002834,0.0038947862040118,17.409171423035946,0.0281324241672484,387.4626133616316,169.93013290790705,20251217011400010044;20251217011401020074,OBJ_MP_1102_0391.fits.gz;OBJ_MP_1102_0417.fits.gz;OBJ_MP_1102_0443.fits.gz,41674;37309;32814,61026.83360110;61026.85941522;61026.88903921,113.03709291;113.03411360;113.03069854,23.25407077;23.25453971;23.25511329,113;113;113,0->1;0->1;1->2,3,3,61026.833427488426,61026.8592416088,61026.88886560185,113.03411359713505,23.254539705342445,17.090545654296875,17.120338439941406,1838.0355082430835,8129.724190456071,1.330514722270891,16.14427555673465,retained_after_posthoc_audit,True,True,111.08208220947829,1.4848551192422923,129.06822544476572,61026.43257568767,61026.90910516389,10.239982107072136,1.1967253221664578,dawn,1.1967253221664578,-1.1967253221664578,,,,,,,,,,,,,,,,,,,no_candidate_within_search_radius,unverified_requires_mpc_submission_reconciliation
20251217,unknown_catalog,/processed1/20251217/L4/20251217_unknown_links.fits,20251217_unknown_links.fits,28800,2026-06-20T01:00:13.596855+00:00,40,OBJ_MP_0967_0400.fits.gz;OBJ_MP_0967_0426.fits.gz;OBJ_MP_0967_0452.fits.gz,00000lA,1134,2,3,True,True,0.0202328142620187,0.0,0.0350442622819207,7.345237949725065,0.4418152243569265,22.695446320278247,12.716283449626207,94.07228376153232,0.0039513950654238,17.66265513988924,0.0126898665717524,377.5073165324643,162.59738688765185,20251217012300010032;20251217012301020119,OBJ_MP_0967_0400.fits.gz;OBJ_MP_0967_0426.fits.gz;OBJ_MP_0967_0452.fits.gz,35807;32042;31442,61026.84284227;61026.86864993;61026.89827897,113.59922709;113.59644256;113.59325103,21.83534397;21.83614610;21.83708230,122;122;122,0->1;0->1;1->2,3,3,61026.84266865741,61026.86847631945,61026.8981053588,113.59644256066416,21.83614609699659,15.135032653808594,15.141853332519531,6226.6423035964035,7372.393233261098,1.3304808333632536,15.729471522186012,retained_after_posthoc_audit,True,True,111.81835404192722,0.1659541999434145,128.38378746879098,61026.43257568767,61026.90910516389,10.461615162610542,0.975092266628053,dawn,0.975092266628053,-0.975092266628053,,,,,,,,,,,,,,,,,,,no_candidate_within_search_radius,unverified_requires_mpc_submission_reconciliation
20251217,unknown_catalog,/processed1/20251217/L4/20251217_unknown_links.fits,20251217_unknown_links.fits,28800,2026-06-20T01:00:13.596855+00:00,46,OBJ_MP_0968_0406.fits.gz;OBJ_MP_0968_0432.fits.gz;OBJ_MP_0968_0458.fits.gz,00000lG,1187,2,3,True,True,0.2664640543911831,0.0030735851265057,0.4615190461099436,4.257390951852552,0.0369688745718806,22.941818070625235,2.031681712787879,105.22350216607632,0.0033506652511421,14.979042275753445,0.2086076580296351,455.16636692839865,170.04837323268444,20251217012900010384;20251217012901021175,OBJ_MP_0968_0406.fits.gz;OBJ_MP_0968_0432.fits.gz;OBJ_MP_0968_0458.fits.gz,17585;16734;15336,61026.84930097;61026.87508358;61026.90473161,115.29324232;115.28993521;115.28585066,21.07390034;21.07444946;21.07511086,128;128;128,0->1;0->1;1->2,3,3,61026.849127361114,61026.87490996528,61026.90455799769,115.2899352072843,21.074449463385697,18.061111450195312,18.130634307861328,5226.477229436221,4042.3218997253343,1.3303352777729742,18.965265288683277,retained_after_posthoc_audit,True,True,113.49831657865629,-0.3259156448879329,126.71717711776564,61026.43257568767,61026.90910516389,10.616022662550677,0.8206847666879185,dawn,0.8206847666879185,-0.8206847666879185,(2016 CB302),07:41:01,"+21 05'13""",122.5,22.2,-23.09,2.57,23.232584875557865,173.64891448494424,18.965265288683277,170.04837323268444,4.267319586874589,3.600541252259802,73.95,73.95,24.59536832591094,False,False,candidate_rows_within_search_radius,unverified_requires_mpc_submission_reconciliation
20260103,unknown_catalog,/processed1/20260103/L4/20260103_unknown_links.fits,20260103_unknown_links.fits,11520,2026-06-20T01:48:56.459856+00:00,0,OBJ_MP_0924_0044.fits.gz;OBJ_MP_0924_0072.fits.gz;OBJ_MP_0924_0100.fits.gz,00000wD,40,2,3,True,True,0.0977284079001928,0.0,0.1692705678259497,2.0533893048444805,0.9966988221316084,85.38897870094726,190.0886111809522,358.24342238284225,-179.99981632241443,0.8451540019378634,0.0787694484070617,220.94781981169825,26.845772003274213,20260103001300010043;20260103001301020063,OBJ_MP_0924_0044.fits.gz;OBJ_MP_0924_0072.fits.gz;OBJ_MP_0924_0100.fits.gz,6606;6296;5045,61043.42551942;61043.45255389;61043.47937410,357.68005503;357.68155272;357.68300941,-3.44619792;-3.44549263;-3.44470516,12;12;12,0->1;0->1;1->2,3,3,61043.42534581019,61043.45238027778,61043.47920048611,357.6815527189068,-3.4454926330490303,16.820270538330078,16.8738956451416,6162.34472803771,6258.859175645872,1.2925122220767662,9.20615915882076,retained_after_posthoc_audit,True,True,356.50134691656444,-2.2397618004210527,115.38703685677044,61043.43963751026,61043.913407182234,0.305826420430094,11.064645706966983,dusk,0.305826420430094,0.305826420430094,32866 (1993 FW16),23:50:47,"-03 29'35""",176.7,20.3,40.41,20.52,45.321501519698124,26.921237047367768,9.20615915882076,26.845772003274213,36.115342360877364,0.07546504409356203,64.27,64.27,39.68620850384393,False,False,candidate_rows_within_search_radius,unverified_requires_mpc_submission_reconciliation
20260112,unknown_catalog,/processed1/20260112/L4/20260112_unknown_links.fits,20260112_unknown_links.fits,17280,2026-06-20T02:00:43.942200+00:00,5,OBJ_MP_1495_0205.fits.gz;OBJ_MP_1495_0233.fits.gz;OBJ_MP_1495_0261.fits.gz,00000C3,119,2,3,True,True,0.4057093558910917,0.0,0.7027092175094145,1.8856468858593944,0.3105814298542642,26.18671523391024,6.16431699212625,99.58585145206116,0.0207233104095496,29.905663443753543,0.4123731340221814,258.96733380681127,30.105441088632485,20260112001800010008;20260112001801020049,OBJ_MP_1495_0205.fits.gz;OBJ_MP_1495_0233.fits.gz;OBJ_MP_1495_0261.fits.gz,28981;29888;30014,61052.52990711;61052.55715766;61052.58435337,84.07241400;84.07461822;84.07657279,35.44024527;35.44144992;35.44220967,17;17;17,0->1;0->1;1->2,3,3,61052.52973349537,61052.55698405093,61052.584179756945,84.07461822014037,35.44144992382593,16.206707000732422,18.2840576171875,8300.848341728826,2429.9716665169544,1.3067102777422406,10.790305575283805,retained_after_posthoc_audit,True,True,85.07119409901958,12.10393101878028,153.2179855846275,61052.4449895613,61052.913249216,2.687867751054,8.550363961723633,dusk,2.687867751054,2.687867751054,,,,,,,,,,,,,,,,,,,no_candidate_within_search_radius,unverified_requires_mpc_submission_reconciliation
20260205,unknown_catalog,/processed1/20260205/L4/20260205_unknown_links.fits,20260205_unknown_links.fits,14400,2026-06-20T02:25:02.957054+00:00,4,OBJ_MP_0966_0053.fits.gz;OBJ_MP_0966_0081.fits.gz;OBJ_MP_0966_0108.fits.gz,00000LG,51,2,3,True,True,0.1560683279567118,0.0030735851265057,0.270300799199857,6.619960619464066,0.3806609690793234,22.745519369776567,5.8213415666719515,109.68041545895844,0.0054999543980132,17.28401799323114,0.1253134408302665,372.1943260317043,168.22910548796708,20260205002300010066;20260205002301020193,OBJ_MP_0966_0053.fits.gz;OBJ_MP_0966_0081.fits.gz;OBJ_MP_0966_0108.fits.gz,30147;33483;32965,61076.46467992;61076.49172001;61076.54353274,110.19998847;110.19698307;110.19134554,22.43478141;22.43542065;22.43645755,22;22;22,0->1;0->1;1->2,3,3,61076.46450630787,61076.491546400466,61076.543359131945,110.19698307267842,22.43542064785421,17.668039321899414,17.684589385986328,4700.824623103116,5709.921127050674,1.8924677777686156,15.50809691798768,retained_after_posthoc_audit,True,True,108.61551369643924,0.2915066335224465,134.3667011084217,61076.46192900926,61076.90396895405,0.7108173889573663,9.898141285870224,dusk,0.7108173889573663,0.7108173889573663,,,,,,,,,,,,,,,,,,,no_candidate_within_search_radius,unverified_requires_mpc_submission_reconciliation
20260205,unknown_catalog,/processed1/20260205/L4/20260205_unknown_links.fits,20260205_unknown_links.fits,14400,2026-06-20T02:25:02.957054+00:00,7,OBJ_MP_0965_0057.fits.gz;OBJ_MP_0965_0085.fits.gz;OBJ_MP_0965_0112.fits.gz,00000LJ,67,2,3,True,True,0.0609056053090783,0.0,0.1054916028610604,6.667924511466893,0.38511601508415,24.505435779819944,0.9124756009261984,111.49732559917686,0.0055099321334321,17.311881125900015,0.0345995361373089,336.8449346228966,175.39274876715606,20260205002700010009;20260205002701020152,OBJ_MP_0965_0057.fits.gz;OBJ_MP_0965_0085.fits.gz;OBJ_MP_0965_0112.fits.gz,23724;23723;23701,61076.46882567;61076.49586828;61076.54769441,106.66000749;106.65722675;106.65195188,23.99929340;23.99948400;23.99988377,26;26;26,0->1;0->1;1->2,3,3,61076.46865206018,61076.49569466435,61076.54752079861,106.65722675287068,23.99948399749754,17.293243408203125,17.316482543945312,8548.395585059765,3829.0377449100215,1.8928497222368603,14.035205609287358,retained_after_posthoc_audit,True,True,105.19137481819956,1.4340348875502156,137.73528557020725,61076.46192900926,61076.90396895405,0.8103757221833803,9.79858295264421,dusk,0.8103757221833803,0.8103757221833803,,,,,,,,,,,,,,,,,,,no_candidate_within_search_radius,unverified_requires_mpc_submission_reconciliation
20260206,unknown_catalog,/processed1/20260206/L4/20260206_unknown_links.fits,20260206_unknown_links.fits,14400,2026-06-20T02:26:03.902880+00:00,7,OBJ_MP_0965_0014.fits.gz;OBJ_MP_0965_0040.fits.gz;OBJ_MP_0965_0066.fits.gz,00000LX,102,2,3,True,True,0.0539703811213046,0.0,0.0934794422059558,9.733894994068525,0.5787914294140409,22.820360807055295,8.551773482522368,105.89663868302456,0.0038050549183905,18.482621340835408,0.0407655268300223,302.85869847434503,166.3064920225102,20260206001400010135;20260206001401020280,OBJ_MP_0965_0014.fits.gz;OBJ_MP_0965_0040.fits.gz;OBJ_MP_0965_0066.fits.gz,50842;55601;53262,61077.50704201;61077.53254557;61077.55805729,108.20381288;108.20155773;108.19927960,23.10009664;23.10058281;23.10111262,13;13;13,0->1;0->1;1->2,3,3,61077.50686840278,61077.53237195602,61077.55788368056,108.20155773148494,23.100582814487257,17.341073989868164,17.29049301147461,5716.7689097315915,8233.76815371067,1.224366666690912,12.619112436431044,retained_after_posthoc_audit,True,True,106.7043462675703,0.7102548269013038,136.31915417790032,61077.46267136606,61077.903315800875,1.672814158955589,8.902652276563458,dusk,1.672814158955589,1.672814158955589,478725 (2012 UF59),07:12:41,"+23 06'16""",96.14,22.0,-25.19,0.8476,25.20425610407893,178.07282306322585,12.619112436431044,166.3064920225102,12.585143667647886,11.766331040715642,40.27,40.27,20.265658384208283,False,False,candidate_rows_within_search_radius,unverified_requires_mpc_submission_reconciliation
20260207,unknown_catalog,/processed1/20260207/L4/20260207_unknown_links.fits,20260207_unknown_links.fits,31680,2026-06-20T02:27:25.270318+00:00,6,OBJ_MP_0966_0019.fits.gz;OBJ_MP_0966_0046.fits.gz;OBJ_MP_0966_0073.fits.gz,00000Ma,120,2,3,True,True,0.0553245322771037,0.0,0.095824900808928,1.4729235476793987,0.1174015820957225,23.456043903696475,0.2618312179256547,130.41418554505776,0.0185055452568812,27.613793848627367,0.0757904117420454,354.1796753027618,169.1849835193691,20260207001900010049;20260207001901020106,OBJ_MP_0966_0019.fits.gz;OBJ_MP_0966_0046.fits.gz;OBJ_MP_0966_0073.fits.gz,28257;31167;31843,61078.46232536;61078.48868134;61078.51498019,109.98968302;109.98697489;109.98417643,22.47368965;22.47417236;22.47466169,18;18;18,0->1;0->1;1->2,3,3,61078.46215174768,61078.48850773148,61078.51480657407,109.98697488892373,22.474172361799177,17.854162216186523,17.806550979614258,4826.693227186248,5133.268707716922,1.2637158333091063,14.757486470948407,retained_after_posthoc_audit,True,True,108.41795348766394,0.3033730619158468,134.6762608556286,61078.46341515197,61078.902643203306,0.6022219084552489,9.939251323754434,dusk,0.6022219084552489,0.6022219084552489,,,,,,,,,,,,,,,,,,,no_candidate_within_search_radius,unverified_requires_mpc_submission_reconciliation
20260207,unknown_catalog,/processed1/20260207/L4/20260207_unknown_links.fits,20260207_unknown_links.fits,31680,2026-06-20T02:27:25.270318+00:00,9,OBJ_MP_0965_0026.fits.gz;OBJ_MP_0965_0053.fits.gz;OBJ_MP_0965_0080.fits.gz,00000Md,159,2,3,True,True,0.0731874769030917,0.0,0.1267644284739287,6.446222146185185,0.3639685532382719,24.65252156667701,0.0362845367647806,112.5692093141458,0.0036453434862272,17.17921697193899,0.0556756578870875,318.74504541121644,176.46237653982163,20260207002600010006;20260207002601020173,OBJ_MP_0965_0026.fits.gz;OBJ_MP_0965_0053.fits.gz;OBJ_MP_0965_0080.fits.gz,20624;22991;22649,61078.46979877;61078.49611389;61078.52238088,106.46522419;106.46264397;106.46013727,24.01053397;24.01068704;24.01082123,25;25;25,0->1;0->1;1->2,3,3,61078.46962516203,61078.495940277775,61078.52220726852,106.46264396716452,24.01068704351809,17.225772857666016,17.250507354736328,8598.306608950712,3307.275215507138,1.2619705557008274,13.281043558800684,retained_after_posthoc_audit,True,True,105.0134439708591,1.4250073596291954,138.0259633254236,61078.46341515197,61078.902643203306,0.7806030194624327,9.76087021274725,dusk,0.7806030194624327,0.7806030194624327,191350 (2003 QF48),07:05:55,"+24 00'25""",52.73,20.4,-23.34,-4.412,23.75334384881421,190.70441140784206,13.281043558800684,176.46237653982163,10.472300290013527,14.242034868020426,40.74,40.74,11.860174531299,False,False,candidate_rows_within_search_radius,unverified_requires_mpc_submission_reconciliation
20260207,unknown_catalog,/processed1/20260207/L4/20260207_unknown_links.fits,20260207_unknown_links.fits,31680,2026-06-20T02:27:25.270318+00:00,11,OBJ_MP_0965_0026.fits.gz;OBJ_MP_0965_0053.fits.gz;OBJ_MP_0965_0080.fits.gz,00000Mf,168,2,3,True,True,0.0547523914377059,0.0,0.0948339238060059,2.5880525364381706,0.1885790701463507,22.99673534505769,2.066586603773733,118.65269017353484,0.0092831883115477,22.40771158605216,0.0503228720585865,426.48738435176665,167.92245989572692,20260207002600010040;20260207002601020232,OBJ_MP_0965_0026.fits.gz;OBJ_MP_0965_0053.fits.gz;OBJ_MP_0965_0080.fits.gz,37160;41555;41018,61078.46979877;61078.49611389;61078.52238088,107.35841963;107.35511379;107.35182569,22.51204009;22.51272153;22.51334347,25;25;25,0->1;0->1;1->2,3,3,61078.46962516203,61078.495940277775,61078.52220726852,107.35511379199956,22.512721533864344,18.520288467407227,18.38776206970215,3904.258332786751,5815.71459190325,1.2619705557008274,17.77030768132361,retained_after_posthoc_audit,True,True,106.00124808969244,0.0319865881869832,137.10091315646778,61078.46341515197,61078.902643203306,0.7806030194624327,9.76087021274725,dusk,0.7806030194624327,0.7806030194624327,187225 (2005 SG141),07:09:31,"+22 32'47""",144.8,20.7,-20.96,4.84,21.511559683109915,166.9973977336386,17.77030768132361,167.92245989572692,3.741252001786304,0.9250621620883237,37.4,37.4,29.020499634486907,False,False,candidate_rows_within_search_radius,unverified_requires_mpc_submission_reconciliation
20260207,unknown_catalog,/processed1/20260207/L4/20260207_unknown_links.fits,20260207_unknown_links.fits,31680,2026-06-20T02:27:25.270318+00:00,12,OBJ_MP_0965_0026.fits.gz;OBJ_MP_0965_0053.fits.gz;OBJ_MP_0965_0080.fits.gz,00000Mg,174,2,3,True,True,0.385813499762813,0.0,0.6682485838351551,9.96554628318948,0.5885825142034339,23.648188726952167,3.1150140181549544,110.68532649162472,0.0039340614790109,18.539843975236217,0.3086310292243722,281.2710999830769,171.6439795602148,20260207002600010066;20260207002601020270,OBJ_MP_0965_0026.fits.gz;OBJ_MP_0965_0053.fits.gz;OBJ_MP_0965_0080.fits.gz,42251;47236;46691,61078.46979877;61078.49611389;61078.52238088,107.65578266;107.65337257;107.65135740,23.29318237;23.29345198;23.29377942,25;25;25,0->1;0->1;1->2,3,3,61078.46962516203,61078.495940277775,61078.52220726852,107.65337256758237,23.293451981900247,18.62116241455078,18.506471633911133,6331.656312347677,6686.060080357974,1.2619705557008274,11.719629165961535,retained_after_posthoc_audit,True,True,106.1806116366449,0.8399721630090632,136.89089904207464,61078.46341515197,61078.902643203306,0.7806030194624327,9.76087021274725,dusk,0.7806030194624327,0.7806030194624327,204833 (2007 PY34),07:10:40,"+23 20'07""",158.8,21.5,-26.37,2.682,26.506037500916655,174.19261700337026,11.719629165961535,171.6439795602148,14.78640833495512,2.5486374431554566,50.68,50.68,32.61015215220828,False,False,candidate_rows_within_search_radius,unverified_requires_mpc_submission_reconciliation
20260207,unknown_catalog,/processed1/20260207/L4/20260207_unknown_links.fits,20260207_unknown_links.fits,31680,2026-06-20T02:27:25.270318+00:00,13,OBJ_MP_0965_0026.fits.gz;OBJ_MP_0965_0053.fits.gz;OBJ_MP_0965_0080.fits.gz,00000Mh,177,2,3,True,True,0.0220214027073746,0.0,0.0381421883431077,3.264889250602931,0.3567928862095458,23.409110882854076,2.1918573892001696,118.91242144322668,0.0099183607587462,23.940887484248567,0.0263893696526509,293.3103270417572,168.22889236999907,20260207002600010121;20260207002601020369,OBJ_MP_0965_0026.fits.gz;OBJ_MP_0965_0053.fits.gz;OBJ_MP_0965_0080.fits.gz,49690;55550;54976,61078.46979877;61078.49611389;61078.52238088,108.12191326;108.11963388;108.11735303,23.11741200;23.11786471;23.11828596,25;25;25,0->1;0->1;1->2,3,3,61078.46962516203,61078.495940277775,61078.52220726852,108.11963388021974,23.11786471091092,17.063215255737305,17.0413761138916,5780.5359325454065,8020.144490875114,1.2619705557008274,12.221263626739884,retained_after_posthoc_audit,True,True,106.62742966772876,0.7180607546826135,136.44994166201508,61078.46341515197,61078.902643203306,0.7806030194624327,9.76087021274725,dusk,0.7806030194624327,0.7806030194624327,,,,,,,,,,,,,,,,,,,no_candidate_within_search_radius,unverified_requires_mpc_submission_reconciliation
20260207,unknown_catalog,/processed1/20260207/L4/20260207_unknown_links.fits,20260207_unknown_links.fits,31680,2026-06-20T02:27:25.270318+00:00,14,OBJ_MP_0965_0026.fits.gz;OBJ_MP_0965_0053.fits.gz;OBJ_MP_0965_0080.fits.gz,00000Mi,178,2,3,True,True,0.0366689569038882,0.0030735851265057,0.063438082219813,5.117795338945294,0.5115084081995961,23.679473011647612,1.3351760739326477,117.40710541173227,0.0080594857033793,23.159458115106425,0.0339329050028179,258.7688595811352,172.07930478058896,20260207002600010129;20260207002601020374,OBJ_MP_0965_0026.fits.gz;OBJ_MP_0965_0053.fits.gz;OBJ_MP_0965_0080.fits.gz,50649;56677;56073,61078.46979877;61078.49611389;61078.52238088,108.17746136;108.17542078;108.17339106,23.11398585;23.11426623;23.11450668,25;25;25,0->1;0->1;1->2,3,3,61078.46962516203,61078.495940277775,61078.52220726852,108.17542077887472,23.1142662286814,15.188132286071776,15.186419486999512,5769.143749534806,8180.175157140114,1.2619705557008274,10.782035815880633,retained_after_posthoc_audit,True,True,106.6787915074554,0.7208471224476026,136.39851109164098,61078.46341515197,61078.902643203306,0.7806030194624327,9.76087021274725,dusk,0.7806030194624327,0.7806030194624327,,,,,,,,,,,,,,,,,,,no_candidate_within_search_radius,unverified_requires_mpc_submission_reconciliation
20260208,unknown_catalog,/processed1/20260208/L4/20260208_unknown_links.fits,20260208_unknown_links.fits,48960,2026-06-20T02:29:54.752448+00:00,16,OBJ_MP_0966_0024.fits.gz;OBJ_MP_0966_0051.fits.gz;OBJ_MP_0966_0078.fits.gz,00000NM,232,2,3,True,True,0.0947508745530115,0.0,0.164113328787401,6.126693160724735,0.3307972358944953,22.90833527410629,4.69437385972704,111.13173827975218,0.0036044827531147,16.969034439282357,0.077260601259218,351.1547670549097,169.02965138731022,20260208002400010034;20260208002401020099,OBJ_MP_0966_0024.fits.gz;OBJ_MP_0966_0051.fits.gz;OBJ_MP_0966_0078.fits.gz,28152;27760;31596,61079.46924964;61079.49553269;61079.52188634,109.88753374;109.88478144;109.88207818,22.49259495;22.49312019;22.49357205,23;23;23,0->1;0->1;1->2,3,3,61079.469076030095,61079.49535907408,61079.52171273148,109.88478143533406,22.493120187796645,17.697330474853516,17.686120986938477,4888.9521440469725,4846.052527282662,1.2632808333146386,14.631448627287904,retained_after_posthoc_audit,True,True,108.32183049483456,0.3093386930676686,134.82886826721295,61079.46416027349,61079.90195141856,0.7487712140427902,9.758216267684476,dusk,0.7487712140427902,0.7487712140427902,843259 (2016 EL11),07:19:26,"+22 29'43""",83.11,21.5,-21.35,13.65,25.340580103857135,147.40741852740075,14.631448627287904,169.02965138731022,10.709131476569231,21.622232859909474,37.15,37.15,17.596518626821982,False,False,candidate_rows_within_search_radius,unverified_requires_mpc_submission_reconciliation
20260208,unknown_catalog,/processed1/20260208/L4/20260208_unknown_links.fits,20260208_unknown_links.fits,48960,2026-06-20T02:29:54.752448+00:00,59,OBJ_MP_0965_0112.fits.gz;OBJ_MP_0965_0144.fits.gz;OBJ_MP_0965_0176.fits.gz,00000Ot,421,2,3,True,True,0.0617017908049728,0.0,0.1068706365921991,2.050512343783159,0.1709389130619085,23.834939278682526,1.4999142687662694,122.7501658049235,0.0140702671797593,24.71927747348673,0.065989391662634,308.40035864735273,177.3244849872605,20260208005700010015;20260208005701020382,OBJ_MP_0965_0112.fits.gz;OBJ_MP_0965_0144.fits.gz;OBJ_MP_0965_0176.fits.gz,21184;22424;20234,61079.55351273;61079.58277725;61079.61199639,106.36422802;106.36144939;106.35874910,24.01588655;24.01602273;24.01612041,56;56;56,0->1;0->1;1->2,3,3,61079.55333912037,61079.58260363426,61079.61182277778,106.3614493875214,24.01602272659079,17.20397186279297,17.137300491333008,8586.25269092795,2992.646977771549,1.4036077777273022,12.850014943639698,retained_after_posthoc_audit,True,True,104.9209661048546,1.4199174442747255,138.17972905370738,61079.46416027349,61079.90195141856,2.842640658491291,7.664346823235974,dusk,2.842640658491291,2.842640658491291,890231 (2013 RR121),07:05:32,"+24 01'46""",88.73,22.5,-20.54,-0.1798,20.540786938187154,180.50153447122864,12.850014943639698,177.3244849872605,7.690771994547456,3.1770494839681476,38.04,38.04,18.160629006239425,False,False,candidate_rows_within_search_radius,unverified_requires_mpc_submission_reconciliation
20260208,unknown_catalog,/processed1/20260208/L4/20260208_unknown_links.fits,20260208_unknown_links.fits,48960,2026-06-20T02:29:54.752448+00:00,62,OBJ_MP_0965_0112.fits.gz;OBJ_MP_0965_0144.fits.gz;OBJ_MP_0965_0176.fits.gz,00000Ow,435,2,3,True,True,0.119052665950804,0.0,0.206205266203318,9.12936086379938,0.5508995583566482,22.839404493491408,8.364416687319721,106.37229664743258,0.0043233924276958,18.318631320004993,0.0919845575073687,286.0683384504843,166.75394862177575,20260208005700010316;20260208005701020633,OBJ_MP_0965_0112.fits.gz;OBJ_MP_0965_0144.fits.gz;OBJ_MP_0965_0176.fits.gz,55204;59184;53610,61079.55351273;61079.58277725;61079.61199639,108.03194119;108.02952915;108.02702182,23.13627247;23.13677597;23.13733734,56;56;56,0->1;0->1;1->2,3,3,61079.55333912037,61079.58260363426,61079.61182277778,108.02952915093762,23.136775967897847,17.23436737060547,17.236927032470703,5808.081015393084,7735.889645130384,1.4036077777273022,11.919514102103513,retained_after_posthoc_audit,True,True,106.54285995996248,0.7266002614460155,136.59528505396594,61079.46416027349,61079.90195141856,2.842640658491291,7.664346823235974,dusk,2.842640658491291,2.842640658491291,,,,,,,,,,,,,,,,,,,no_candidate_within_search_radius,unverified_requires_mpc_submission_reconciliation
20260210,unknown_catalog,/processed1/20260210/L4/20260210_unknown_links.fits,20260210_unknown_links.fits,20160,2026-06-20T02:34:03.387673+00:00,1,OBJ_MP_0701_0034.fits.gz;OBJ_MP_0701_0063.fits.gz;OBJ_MP_0701_0092.fits.gz,00000P2,35,2,3,True,True,0.3759209478089134,0.0,0.6511141812344862,1.273088242889196,0.0211389576978001,19.761057181804,4.1112989853208,311.9183576080494,-179.98189767182237,25.845322797190978,0.401660515048673,1472.2655467031857,138.70949408606538,20260210000300010010;20260210000301020059,OBJ_MP_0701_0034.fits.gz;OBJ_MP_0701_0063.fits.gz;OBJ_MP_0701_0092.fits.gz,9048;9577;9750,61081.46465229;61081.49216326;61081.51968424,119.77281632;119.76433131;119.75536964,14.23550292;14.24298514;14.25035412,2;2;2,0->1;0->1;1->2,3,3,61081.46447868056,61081.49198965278,61081.519510625,119.76433131168722,14.242985140640837,18.712482452392575,19.105466842651367,1537.9526541752464,2384.735110025935,1.3207666666712612,61.34439777929939,retained_after_posthoc_audit,True,True,118.9561302942293,-6.254795320562468,124.24178506602831,61081.4656541618,61081.90051132425,0.6320517834392376,9.804520115372725,dusk,0.6320517834392376,0.6320517834392376,(2024 QB43),07:59:02,"+14 16'10""",96.81,22.3,-27.84,10.12,29.622288905484666,160.0235035126246,61.34439777929939,138.70949408606538,31.722108873814726,21.31400942655921,33.13,33.13,25.119772328365027,False,False,candidate_rows_within_search_radius,unverified_requires_mpc_submission_reconciliation
20260213,unknown_catalog,/processed1/20260213/L4/20260213_unknown_links.fits,20260213_unknown_links.fits,54720,2026-06-20T02:38:35.881441+00:00,23,OBJ_MP_0699_0095.fits.gz;OBJ_MP_0699_0123.fits.gz;OBJ_MP_0699_0151.fits.gz,00000RM,350,2,3,True,True,0.1588580720815993,0.0,0.2751502520377691,1.4313588831659494,0.0917721547524057,22.934573429037982,355.4238241712163,141.00618530069056,0.0186131909995199,27.295273119447923,0.1327767269226828,472.8121903993252,167.09367394751888,20260213001600010027;20260213001601020070,OBJ_MP_0699_0095.fits.gz;OBJ_MP_0699_0123.fits.gz;OBJ_MP_0699_0151.fits.gz,30394;29340;29418,61084.51596205;61084.54276682;61084.56954119,115.19730123;115.19381711;115.19019919,15.02705266;15.02779785;15.02862442,15;15;15,0->1;0->1;1->2,3,3,61084.5157884375,61084.54259320602,61084.56936758102,115.19381710719264,15.027797852897525,18.97908592224121,18.95909881591797,832.1375705991653,5045.019152971005,1.285899444425013,19.700507933305214,retained_after_posthoc_audit,True,True,114.43817896074144,-6.299944887708342,128.8937021200707,61084.46790286015,61084.89821380013,1.792568300734274,8.534894258715212,dusk,1.792568300734274,1.792568300734274,,,,,,,,,,,,,,,,,,,no_candidate_within_search_radius,unverified_requires_mpc_submission_reconciliation
20260216,unknown_catalog,/processed1/20260216/L4/20260216_unknown_links.fits,20260216_unknown_links.fits,37440,2026-06-20T02:43:35.470688+00:00,0,OBJ_MP_1107_0038.fits.gz;OBJ_MP_1107_0066.fits.gz;OBJ_MP_1107_0094.fits.gz,00000UH,90,2,3,True,True,0.033055928156522,0.0,0.0572545470584428,2.694123225758034,0.5218309111234035,21.81567915100756,69.3428007429433,243.36557992601735,-179.99778813279477,10.171662356324347,0.0200108843857742,711.0068866882181,154.44598363731478,20260216000800010006;20260216000801020039,OBJ_MP_1107_0038.fits.gz;OBJ_MP_1107_0066.fits.gz;OBJ_MP_1107_0094.fits.gz,2273;2695;2393,61087.44937080;61087.47632191;61087.50325606,124.99946417;124.99430327;124.98916718,21.17834902;21.18065128;21.18293976,7;7;7,0->1;0->1;1->2,3,3,61087.4491971875,61087.476148298614,61087.5030824537,124.99430327354555,21.18065128115042,16.187015533447266,16.191118240356445,1264.0950684799343,1307.3023329330572,1.2932463887846095,29.62528694534242,retained_after_posthoc_audit,True,True,122.34640301150364,1.5841462004979343,121.21763739389375,61087.47015924465,61087.89575776354,0.1437372951186262,10.07062715815846,dusk,0.1437372951186262,0.1437372951186262,165705 (2001 PP61),08:19:52,"+21 13'12""",170.8,20.5,-23.97,4.821,24.450009018403243,168.62802481186796,29.62528694534242,154.44598363731478,5.175277926939177,14.182041174553177,43.15,43.15,34.28721012745181,False,False,candidate_rows_within_search_radius,unverified_requires_mpc_submission_reconciliation
20260216,unknown_catalog,/processed1/20260216/L4/20260216_unknown_links.fits,20260216_unknown_links.fits,37440,2026-06-20T02:43:35.470688+00:00,1,OBJ_MP_0971_0044.fits.gz;OBJ_MP_0971_0072.fits.gz;OBJ_MP_0971_0100.fits.gz,00000UI,208,2,3,True,True,0.0219497881999745,0.0,0.0380181483777317,2.298790120806364,0.0864759775621541,21.278821523459488,10.68345218959862,124.00059850361988,0.0090836583601751,21.4236532763111,0.032980374185192,711.659040660151,154.39595290348586,20260216001400010038;20260216001401020086,OBJ_MP_0971_0044.fits.gz;OBJ_MP_0971_0072.fits.gz;OBJ_MP_0971_0100.fits.gz,20889;23398;22931,61087.45521934;61087.48215725;61087.50903462,124.99833407;124.99319517;124.98804527,21.17883599;21.18115359;21.18343334,13;13;13,0->1;0->1;1->2,3,3,61087.45504572917,61087.48198363426,61087.50886100694,124.99319516886877,21.18115359183483,16.253971099853516,16.22252655029297,8269.11308300901,7792.4158505426285,1.2915666665649042,29.652460027506297,retained_after_posthoc_audit,True,True,122.34528201376708,1.5843994556117245,121.21907598048892,61087.47015924465,61087.89575776354,0.2837853505625389,9.930579102714546,dusk,0.2837853505625389,0.2837853505625389,165705 (2001 PP61),08:19:52,"+21 13'12""",169.8,20.5,-23.98,4.814,24.458434046357095,168.64871996868052,29.652460027506297,154.39595290348586,5.194025981149203,14.25276706519466,43.15,43.15,34.088964345714004,False,False,candidate_rows_within_search_radius,unverified_requires_mpc_submission_reconciliation
20260309,unknown_catalog,/processed1/20260309/L4/20260309_unknown_links.fits,20260309_unknown_links.fits,14400,2026-06-20T02:58:37.498340+00:00,1,OBJ_MP_1402_0036.fits.gz;OBJ_MP_1402_0057.fits.gz;OBJ_MP_1402_0078.fits.gz;OBJ_MP_1402_0194.fits.gz,000011l,35,3,4,True,True,0.19100792233934,0.1290535387901832,0.2843855296271108,7.738314405051875,0.4701688556333134,19.16655243394908,15.228366214561383,175.34182536296197,0.0108019055383301,17.835479709754274,0.127688709559028,355.1821089478304,141.5235322882326,20260309000600010017;20260309000601020043;20260309000602030064,OBJ_MP_1402_0036.fits.gz;OBJ_MP_1402_0057.fits.gz;OBJ_MP_1402_0078.fits.gz;OBJ_MP_1402_0194.fits.gz,8987;8262;7242;5587,61108.69596667;61108.71591163;61108.73585442;61108.84604516,197.23727257;197.23574447;197.23416509;197.22568086,0.58298451;0.58429178;0.58550505;0.59223424,5;5;5;5,0->1;0->1;1->2;2->3,4,4,61108.69579305556,61108.72570941551,61108.845871550926,197.23495477889543,0.5848984131581034,17.392541885375977,17.479310989379883,505.4059432808454,6893.164689163088,3.6018838888267055,14.799254539492932,retained_after_posthoc_audit,True,True,195.66136747433816,7.308097421571621,49.37362483478301,61108.486160046654,61108.87476517888,5.749184852465987,3.577338320959825,dawn,3.577338320959825,-3.577338320959825,C/2025 Y1 (ATLAS),13:08:56,"+00 35'06""",0.1757,18.6,-11.69,9.271,14.920038237216419,141.58308591649697,14.799254539492932,141.5235322882326,0.1207836977234873,0.05955362826438204,60.77,60.77,0.0701246130494437,True,True,candidate_rows_within_search_radius,unverified_requires_mpc_submission_reconciliation
20260310,unknown_catalog,/processed1/20260310/L4/20260310_unknown_links.fits,20260310_unknown_links.fits,46080,2026-06-20T02:59:16.204596+00:00,56,OBJ_MP_1111_0218.fits.gz;OBJ_MP_1111_0237.fits.gz;OBJ_MP_1111_0256.fits.gz,000012m,730,2,3,True,True,0.0364536352718913,0.0,0.0631395484115007,2.104123273384414,0.001959615895071,17.879904708746757,19.063792775151768,132.40604421032884,0.006605953019761,20.57351870853188,0.0342573307289413,577.4396697887792,140.24291005620327,20260310006600010026;20260310006601020075,OBJ_MP_1111_0218.fits.gz;OBJ_MP_1111_0237.fits.gz;OBJ_MP_1111_0256.fits.gz,12130;11491;11439,61109.64321264;61109.66356953;61109.68396617,137.61778894;137.61512571;137.61245600,19.55423987;19.55634829;19.55842043,65;65;65,0->1;0->1;1->2,3,3,61109.643039027775,61109.66339591435,61109.68379255787,137.61512571444212,19.556348289512417,18.29674530029297,18.56931495666504,4920.172999962961,5910.289445430736,0.9780847223591992,24.05998624119913,retained_after_posthoc_audit,True,True,134.1961944579745,3.1203430347636547,110.57545443537698,61109.486940377064,61109.87362821199,4.234932894876692,5.0455751434201375,dusk,4.234932894876692,4.234932894876692,,,,,,,,,,,,,,,,,,,no_candidate_within_search_radius,unverified_requires_mpc_submission_reconciliation
20260310,unknown_catalog,/processed1/20260310/L4/20260310_unknown_links.fits,20260310_unknown_links.fits,46080,2026-06-20T02:59:16.204596+00:00,77,OBJ_MP_1402_0335.fits.gz;OBJ_MP_1402_0360.fits.gz;OBJ_MP_1402_0385.fits.gz,000012H,1026,2,3,True,True,0.0396401136872268,0.0,0.0686586909240834,7.672505887849127,0.465624392151104,19.037866922219617,15.258738381324772,175.45797225130798,0.0035187453159094,17.80789261632792,0.0324292880751441,366.56531100911553,141.96601867862503,20260310010800010015;20260310010801020034,OBJ_MP_1402_0335.fits.gz;OBJ_MP_1402_0360.fits.gz;OBJ_MP_1402_0385.fits.gz,9490;8788;9375,61109.76236976;61109.78681441;61109.81133390,197.15530760;197.15334991;197.15138038,0.64928121;0.65079589;0.65235303,107;107;107,0->1;0->1;1->2,3,3,61109.762196145835,61109.78664079861,61109.811160289355,197.15334990980924,0.650795890950309,17.2771053314209,17.480560302734375,701.2674365661501,6629.5120894709535,1.175139444472734,15.273554625379814,retained_after_posthoc_audit,True,True,195.55992938351625,7.337700544210436,49.53571665007322,61109.486940377064,61109.87362821199,7.192810117034242,2.0876979212625884,dawn,2.0876979212625884,-2.0876979212625884,C/2025 Y1 (ATLAS),13:08:37,"+00 39'03""",0.1459,18.5,-12.0,9.361,15.219340360212724,142.04280067464416,15.273554625379814,141.96601867862503,0.05421426516709005,0.07678199601912183,55.57,55.57,0.040561358286288846,True,True,candidate_rows_within_search_radius,unverified_requires_mpc_submission_reconciliation
20260311,unknown_catalog,/processed1/20260311/L4/20260311_unknown_links.fits,20260311_unknown_links.fits,37440,2026-06-20T03:01:21.461191+00:00,66,OBJ_MP_1402_0297.fits.gz;OBJ_MP_1402_0323.fits.gz;OBJ_MP_1402_0349.fits.gz,000013V,1139,2,3,True,True,0.0460696132938598,0.0030735851265057,0.079735693899329,1.5029072143168811,0.1350098129372073,23.85267930959282,4.596151787967966,172.65906329386823,0.0179042921524516,27.830515159900013,0.0389773965145521,371.6322934891143,142.54470568581297,20260311009000010030;20260311009001020051,OBJ_MP_1402_0297.fits.gz;OBJ_MP_1402_0323.fits.gz;OBJ_MP_1402_0349.fits.gz,10677;9809;7089,61110.74260630;61110.76784435;61110.79315363,197.07819105;197.07611460;197.07404848,0.71072080;0.71232674;0.71389414,89;89;89,0->1;0->1;1->2,3,3,61110.74243268518,61110.76767074074,61110.79298002315,197.0761146045194,0.7123267367633851,17.28526496887207,17.500574111938477,900.6640101378208,6353.190779496289,1.2131361112114971,15.484678895379764,retained_after_posthoc_audit,True,True,195.46423574594493,7.364925471216301,49.687451948730626,61110.4877236485,61110.87248112799,6.718730213760864,2.5154492940637283,dawn,2.5154492940637283,-2.5154492940637283,C/2025 Y1 (ATLAS),13:08:18,"+00 42'44""",0.0352,18.5,-12.29,9.44,15.497022294621635,142.47198411543906,15.484678895379764,142.54470568581297,0.012343399241871111,0.0727215703739148,50.97,50.97,0.011854777272793382,True,True,candidate_rows_within_search_radius,unverified_requires_mpc_submission_reconciliation
20260407,unknown_catalog,/processed1/20260407/L4/20260407_unknown_links.fits,20260407_unknown_links.fits,60480,2026-06-20T03:08:23.243117+00:00,77,OBJ_MP_1398_0255.fits.gz;OBJ_MP_1398_0277.fits.gz;OBJ_MP_1398_0299.fits.gz,0000188,1081,2,3,True,True,0.1540885227126328,0.0,0.266889150201511,1.647459687612105,0.2109063418946895,22.618673546102094,5.456064097068353,189.29232237811533,0.0157190051515493,28.74595320140162,0.1658168179269931,398.5961505970075,166.61146174919747,20260407006000010038;20260407006001020091,OBJ_MP_1398_0255.fits.gz;OBJ_MP_1398_0277.fits.gz;OBJ_MP_1398_0299.fits.gz,8253;7596;7354,61137.71129498;61137.73271568;61137.75425957,187.11875000;187.11635619;187.11408429,7.29559469;7.29621497;7.29669635,59;59;59,0->1;0->1;1->2,3,3,61137.71112136574,61137.73254207176,61137.754085960645,187.11635618951505,7.296214967555942,18.627365112304688,18.61006546020508,8326.79788062905,6096.87167267817,1.0311502777040005,16.60817294154198,retained_after_posthoc_audit,True,True,183.6180847748003,9.519462132472238,63.03865351993239,61137.51045370695,61137.838828573695,5.330120755475946,2.550876046414487,dawn,2.550876046414487,-2.550876046414487,,,,,,,,,,,,,,,,,,,no_candidate_within_search_radius,unverified_requires_mpc_submission_reconciliation
20260407,unknown_catalog,/processed1/20260407/L4/20260407_unknown_links.fits,20260407_unknown_links.fits,60480,2026-06-20T03:08:23.243117+00:00,81,OBJ_MP_1531_0257.fits.gz;OBJ_MP_1531_0279.fits.gz;OBJ_MP_1531_0301.fits.gz,000018c,1098,2,3,True,True,0.2558224991978587,0.0,0.4430975663299396,8.88722533916371,0.5386636614529757,26.990573821561632,16.969249594669588,171.41700858671396,0.0031635164831381,18.246225362964555,0.2042233678611769,429.07782675507434,167.42961412659025,20260407006200010005;20260407006201020057,OBJ_MP_1531_0257.fits.gz;OBJ_MP_1531_0279.fits.gz;OBJ_MP_1531_0301.fits.gz,3011;2725;2869,61137.71312583;61137.73456829;61137.75608936,187.11859574;187.11619935;187.11355708,7.29566363;7.29624642;7.29677814,61;61;61,0->1;0->1;1->2,3,3,61137.712952222224,61137.73439467593,61137.755915752314,187.11619934927137,7.296246420859296,18.530046463012695,18.45623207092285,816.3119100476306,2453.1776286289546,1.0311247221543454,17.87824278146143,retained_after_posthoc_audit,True,True,183.61792746827683,9.519428697280574,63.03890950031698,61137.51045370695,61137.838828573695,5.374583255499601,2.5064135463908315,dawn,2.5064135463908315,-2.5064135463908315,,,,,,,,,,,,,,,,,,,no_candidate_within_search_radius,unverified_requires_mpc_submission_reconciliation
20260410,unknown_catalog,/processed1/20260410/L4/20260410_unknown_links.fits,20260410_unknown_links.fits,23040,2026-06-20T03:10:10.199069+00:00,3,OBJ_MP_1263_0201.fits.gz;OBJ_MP_1263_0214.fits.gz;OBJ_MP_1263_0236.fits.gz;OBJ_MP_1263_0258.fits.gz,000018w,159,3,4,True,True,0.2881475810797971,0.0775281005080397,0.5550438617397856,4.37153308557641,0.0621139267813439,7.859269049431287,181.57853900020368,4.9389724104996455,0.0034045801201711,15.159564940070387,0.2284717879854429,651.2018669767655,132.395333638191,20260410002900010010;20260410002901020060;20260410002902030118,OBJ_MP_1263_0201.fits.gz;OBJ_MP_1263_0214.fits.gz;OBJ_MP_1263_0236.fits.gz;OBJ_MP_1263_0258.fits.gz,2678;2653;2430;2414,61140.65107793;61140.66369913;61140.68519747;61140.70672979,182.57937417;182.57797531;182.57522609;182.57263057,3.41377007;3.41554032;3.41838355;3.42122515,28;28;28;28,0->1;0->1;1->2;2->3,4,4,61140.65090431713,61140.674274687495,61140.70655618056,182.57660070011468,3.4169619333107937,18.31671142578125,18.53685760498047,954.2387060462196,1962.6990956693169,1.335644722217694,27.133411124031895,retained_after_posthoc_audit,True,True,181.00424899930235,4.159133645020746,65.60268261765209,61140.513229781325,61140.83491935073,3.865077748079784,3.855471917660907,dawn,3.855471917660907,-3.855471917660907,,,,,,,,,,,,,,,,,,,no_candidate_within_search_radius,unverified_requires_mpc_submission_reconciliation
20260410,unknown_catalog,/processed1/20260410/L4/20260410_unknown_links.fits,20260410_unknown_links.fits,23040,2026-06-20T03:10:10.199069+00:00,11,OBJ_MP_1398_0222.fits.gz;OBJ_MP_1398_0244.fits.gz;OBJ_MP_1398_0266.fits.gz,000018E,394,2,3,True,True,0.2314731358717556,0.0,0.4009232319171748,1.6075587813190408,0.1913204000011016,22.382073478232616,5.311150906933848,191.5594876276812,0.0156098976020612,28.512528127248856,0.2242064337393679,422.1690067911261,166.04727901899216,20260410003800010034;20260410003801020100,OBJ_MP_1398_0222.fits.gz;OBJ_MP_1398_0244.fits.gz;OBJ_MP_1398_0266.fits.gz,7459;7244;7277,61140.67174204;61140.69324917;61140.71475771,186.77807472;186.77547754;186.77313832,7.37254437;7.37318528;7.37376069,37;37;37,0->1;0->1;1->2,3,3,61140.671568425925,61140.69307555556,61140.71458409722,186.77547754383227,7.373185275481573,18.735841751098633,18.6312313079834,8557.339018994282,4974.3282896078035,1.032376111135818,17.59037528296359,retained_after_posthoc_audit,True,True,183.2727668161974,9.454653987702924,63.53962041682579,61140.513229781325,61140.83491935073,4.316298581601586,3.404251084139105,dawn,3.404251084139105,-3.404251084139105,,,,,,,,,,,,,,,,,,,no_candidate_within_search_radius,unverified_requires_mpc_submission_reconciliation
20260410,unknown_catalog,/processed1/20260410/L4/20260410_unknown_links.fits,20260410_unknown_links.fits,23040,2026-06-20T03:10:10.199069+00:00,14,OBJ_MP_1531_0224.fits.gz;OBJ_MP_1531_0246.fits.gz;OBJ_MP_1531_0268.fits.gz,000018H,420,2,3,True,True,0.0717096678519014,0.0,0.1242047881133818,8.75950012665033,0.5319367613959053,25.36845624615088,17.51464156385377,171.3559565111637,0.0031613480210567,18.206296239962008,0.0547450745019165,411.5991803065514,166.34794389308334,20260410004000010006;20260410004001020079,OBJ_MP_1531_0224.fits.gz;OBJ_MP_1531_0246.fits.gz;OBJ_MP_1531_0268.fits.gz,1575;1578;1612,61140.67358976;61140.69509791;61140.71661800,186.77773058;186.77534482;186.77291016,7.37272530;7.37328370;7.37388643,39;39;39,0->1;0->1;1->2,3,3,61140.67341614583,61140.69492429398,61140.71644438658,186.7753448218944,7.373283696917185,18.597091674804688,18.547657012939453,1050.0453291489705,1328.9026319611448,1.0326777779264376,17.14996584610631,retained_after_posthoc_audit,True,True,183.2726046062043,9.45469146249491,63.53988544799439,61140.513229781325,61140.83491935073,4.36066830373602,3.3598813620046712,dawn,3.3598813620046712,-3.3598813620046712,,,,,,,,,,,,,,,,,,,no_candidate_within_search_radius,unverified_requires_mpc_submission_reconciliation
20260420,unknown_catalog,/processed1/20260420/L4/20260420_unknown_links.fits,20260420_unknown_links.fits,63360,2026-06-20T03:11:24.312650+00:00,23,OBJ_MP_1262_0193.fits.gz;OBJ_MP_1262_0215.fits.gz;OBJ_MP_1262_0237.fits.gz,000019o,807,2,3,True,True,0.1242174640115778,0.0,0.2151509588554114,4.478614251382347,0.173851599752708,1.6012997666574944,21.3156119214583,167.074978354688,0.0032760252261517,16.77640301147273,0.1014222107752442,500.3525654563898,131.37555339454292,20260420004600010031;20260420004601020094,OBJ_MP_1262_0193.fits.gz;OBJ_MP_1262_0215.fits.gz;OBJ_MP_1262_0237.fits.gz,9841;9787;9447,61150.64630008;61150.66847160;61150.68996867,181.56508727;181.56302591;181.56106275,4.58758098;4.58983665;4.59213597,45;45;45,0->1;0->1;1->2,3,3,61150.64612646991,61150.668297986114,61150.68979505787,181.5630259071264,4.589836653007128,18.32483291625977,18.64934730529785,1261.0578311675886,6561.033606790152,1.0480461110710166,20.848023560682908,retained_after_posthoc_audit,True,True,179.6051743586297,4.8315082824435045,67.56899002906303,61150.522919831994,61150.82195352507,3.489075698889792,3.6877329348935746,dusk,3.489075698889792,3.489075698889792,,,,,,,,,,,,,,,,,,,no_candidate_within_search_radius,unverified_requires_mpc_submission_reconciliation
20260422,unknown_catalog,/processed1/20260422/L4/20260422_unknown_links.fits,20260422_unknown_links.fits,11520,2026-06-20T03:13:15.706518+00:00,0,OBJ_MP_1262_0061.fits.gz;OBJ_MP_1262_0083.fits.gz;OBJ_MP_1262_0105.fits.gz,00001aJ,102,2,3,True,True,0.3325064186619596,0.0,0.5759180109652824,5.666186964234914,0.2764093340542679,1.907383198679204,163.63575693567873,24.353580446325072,0.0029492438065454,16.618666467587996,0.2703033914540655,446.4910623765072,128.28349097207945,20260422001100010025;20260422001101020059,OBJ_MP_1262_0061.fits.gz;OBJ_MP_1262_0083.fits.gz;OBJ_MP_1262_0105.fits.gz,7522;7313;6471,61152.56406337;61152.58603016;61152.60803954,181.41102522;181.40948256;181.40763436,4.78310954;4.78519624;4.78739078,10;10;10,0->1;0->1;1->2,3,3,61152.563889756944,61152.585856550926,61152.60786592593,181.40948256214065,4.785196238117394,18.508499145507812,18.968656539916992,1884.6403313954736,6035.733264871974,1.055428055638913,18.6037942656878,retained_after_posthoc_audit,True,True,179.3861169784141,4.949550335428325,67.896824766555,61152.5249324637,61152.819395536986,1.4621780934976414,5.60493566544028,dusk,1.4621780934976414,1.4621780934976414,,,,,,,,,,,,,,,,,,,no_candidate_within_search_radius,unverified_requires_mpc_submission_reconciliation
20260503,unknown_catalog,/processed1/20260503/L4/20260503_unknown_links.fits,20260503_unknown_links.fits,23040,2026-06-20T03:17:18.442871+00:00,18,OBJ_MP_1397_0200.fits.gz;OBJ_MP_1397_0222.fits.gz;OBJ_MP_1397_0244.fits.gz,00001d1,389,2,3,True,True,0.285782819954253,0.0,0.494990364091075,1.211561832977914,0.0729951766912974,20.595289561172127,3.199592680327334,29.234143161729865,-179.9860167577929,25.15141573014832,0.2621031282176584,336.4614905092322,174.31503999259138,20260503003703040074;20260503003704050094,OBJ_MP_1397_0200.fits.gz;OBJ_MP_1397_0222.fits.gz;OBJ_MP_1397_0244.fits.gz,5678;5357;5068,61163.67037250;61163.69230363;61163.71405503,184.30765516;184.30553642;184.30355493,7.78959427;7.78993959;7.78999830,36;36;36,3->4;3->4;4->5,3,3,61163.67019888889,61163.69213002315,61163.71388142361,184.30553642405536,7.789939589643245,18.32927131652832,18.43425178527832,6523.997778590991,5050.137042857033,1.048380833293777,14.019228771218009,retained_after_posthoc_audit,True,True,180.83190637361668,8.854716450910084,67.19746426604935,61163.53633498125,61163.80577811334,3.73908100562403,2.7275541645940393,dawn,2.7275541645940393,-2.7275541645940393,,,,,,,,,,,,,,,,,,,no_candidate_within_search_radius,unverified_requires_mpc_submission_reconciliation
20260508,unknown_catalog,/processed1/20260508/L4/20260508_unknown_links.fits,20260508_unknown_links.fits,31680,2026-06-20T03:20:55.224708+00:00,6,OBJ_MP_1397_0057.fits.gz;OBJ_MP_1397_0079.fits.gz;OBJ_MP_1397_0101.fits.gz;OBJ_MP_1397_0114.fits.gz;OBJ_MP_1397_0136.fits.gz;OBJ_MP_1397_0158.fits.gz,00001eC,186,5,6,True,True,0.3515618028100171,0.3067271633157094,0.5425378379984998,3.0900342160307046,0.3268461513658394,23.363418465233305,17.991079682287975,354.3399444945485,-179.99515104081044,12.06864057306095,0.2277786319635405,330.7571993295498,175.96453855875774,20260508001800010007;20260508001801020033;20260508001802030063;20260508001803040092;20260508001804050119,OBJ_MP_1397_0057.fits.gz;OBJ_MP_1397_0079.fits.gz;OBJ_MP_1397_0101.fits.gz;OBJ_MP_1397_0114.fits.gz;OBJ_MP_1397_0136.fits.gz;OBJ_MP_1397_0158.fits.gz,4945;4693;4826;4823;4650;4622,61168.54338916;61168.56535015;61168.58734279;61168.59991839;61168.62144769;61168.64295103,183.85100939;183.84903752;183.84704496;183.84582956;183.84384885;183.84180406,7.82998791;7.83027585;7.83037134;7.83038713;7.83060745;7.83065696,17;17;17;17;17;17,0->1;0->1;1->2;2->3;3->4;4->5,6,6,61168.543215543985,61168.59345697917,61168.64277741898,183.84643726069,7.830379235471375,18.42607593536377,18.4071683883667,6651.006307875847,3590.8769511502733,2.3894849998760037,13.781549972064576,retained_after_posthoc_audit,True,True,180.3940049252924,8.709161106843242,67.89707007033682,61168.541635650334,61168.799970568194,1.2437118919333443,4.956326136714779,dusk,1.2437118919333443,1.2437118919333443,,,,,,,,,,,,,,,,,,,no_candidate_within_search_radius,unverified_requires_mpc_submission_reconciliation
20260509,unknown_catalog,/processed1/20260509/L4/20260509_unknown_links.fits,20260509_unknown_links.fits,28800,2026-06-20T03:21:40.174844+00:00,19,OBJ_MP_1674_0089.fits.gz;OBJ_MP_1674_0111.fits.gz;OBJ_MP_1674_0133.fits.gz,00001fm,221,2,3,True,True,0.3569110432868915,0.0030735851265057,0.6181804198896,1.6813433099427144,0.2268087207596536,20.41713054871724,3.4413230352675965,222.08181789793537,0.0204730433747369,28.934092391280146,0.3301523721121004,244.16748232462663,140.9491849158586,20260509001302030043;20260509001303040082,OBJ_MP_1674_0089.fits.gz;OBJ_MP_1674_0111.fits.gz;OBJ_MP_1674_0133.fits.gz,942;971;917,61169.65461252;61169.68841806;61169.71020742,215.57949532;215.57755112;215.57659236,-0.44633678;-0.44481920;-0.44397256,12;12;12,2->3;2->3;3->4,3,3,61169.65443891204,61169.68824444444,61169.71003380787,215.57755111919943,-0.4448191984476714,19.168703079223633,18.42168426513672,3853.235869346444,851.27836714268,1.334277499874588,10.173645096859444,retained_after_posthoc_audit,True,True,213.42672729324585,12.96044429681899,36.47324701468882,61169.54269783889,61169.79884774115,3.4931185331661254,2.654479120974429,dawn,2.654479120974429,-2.654479120974429,,,,,,,,,,,,,,,,,,,no_candidate_within_search_radius,unverified_requires_mpc_submission_reconciliation
20260509,unknown_catalog,/processed1/20260509/L4/20260509_unknown_links.fits,20260509_unknown_links.fits,28800,2026-06-20T03:21:40.174844+00:00,25,OBJ_MP_1411_0071.fits.gz;OBJ_MP_1411_0093.fits.gz;OBJ_MP_1411_0115.fits.gz,00001fs,311,2,3,True,True,0.2566949660022954,0.0,0.4446087231631413,-4.590713854099277,1.893107285139874,12.230224938479274,349.65957175048356,230.81145871539272,0.0056211709070673,25.01977822073868,0.207790454197055,231.45080307440531,123.60799624101011,20260509001701020027;20260509001702030053,OBJ_MP_1411_0071.fits.gz;OBJ_MP_1411_0093.fits.gz;OBJ_MP_1411_0115.fits.gz,1029;1082;1139,61169.63669256;61169.65858904;61169.69236576,217.83632010;217.83547885;217.83431712,-6.86343056;-6.86214062;-6.86043393,16;16;16,1->2;1->2;2->3,3,3,61169.63651894676,61169.65841542824,61169.692192152776,217.8354788459766,-6.8621406156905795,19.104774475097656,18.459373474121097,3853.288768443272,851.1449851772073,1.3361569443368353,9.643783461433555,retained_after_posthoc_audit,True,True,217.70831139665697,7.620660500102077,31.12763692122988,61169.54269783889,61169.79884774115,2.7772221443010494,3.370375509839505,dusk,2.7772221443010494,2.7772221443010494,,,,,,,,,,,,,,,,,,,no_candidate_within_search_radius,unverified_requires_mpc_submission_reconciliation
20260512,unknown_catalog,/processed1/20260512/L4/20260512_unknown_links.fits,20260512_unknown_links.fits,20160,2026-06-20T03:22:54.157422+00:00,9,OBJ_MP_1397_0069.fits.gz;OBJ_MP_1397_0091.fits.gz;OBJ_MP_1397_0113.fits.gz,00001fU,105,2,3,True,True,0.2286259804939655,0.0030735851265057,0.395979885783295,1.0445012478565936,0.2446131790101224,19.625092219374572,1.293680731705253,36.382712787325005,-179.98297946477737,22.70419693383312,0.2265898912503116,326.4249735288893,177.7973282157651,20260512001800010005;20260512001801020018,OBJ_MP_1397_0069.fits.gz;OBJ_MP_1397_0091.fits.gz;OBJ_MP_1397_0113.fits.gz,2834;2601;2531,61172.54842961;61172.57039303;61172.60733153,183.49891849;183.49678016;183.49351087,7.84941456;7.84955500;7.84962981,17;17;17,0->1;0->1;1->2,3,3,61172.54825599537,61172.57021942129,61172.60715791667,183.4967801566483,7.849555001471338,18.213409423828125,18.366453170776367,6723.168694274506,2533.786383857378,1.4136461112066172,13.60104056370372,retained_after_posthoc_audit,True,True,180.0653607816085,8.587651755831693,68.4387228901359,61172.54587614746,61172.79557001189,0.5842385720461607,5.408414174162317,dusk,0.5842385720461607,0.5842385720461607,(2015 HR206),12:14:05,"+07 52'41""",134.1,21.9,0.3343,-10.31,10.31541838657066,271.85715525560624,13.60104056370372,177.7973282157651,3.2856221771330603,94.05982703984114,2.62,2.62,28.468996099272022,False,False,candidate_rows_within_search_radius,unverified_requires_mpc_submission_reconciliation
20260530,unknown_catalog,/processed1/20260530/L4/20260530_unknown_links.fits,20260530_unknown_links.fits,20160,2026-06-20T03:25:04.182923+00:00,5,OBJ_MP_1399_0069.fits.gz;OBJ_MP_1399_0091.fits.gz;OBJ_MP_1399_0113.fits.gz,00001gL,73,2,3,True,True,0.0914014832679895,0.0,0.1583120129073144,0.904440473886306,0.4373527671301636,17.864103039041535,352.3890545876834,57.96718200534192,-179.9892322152065,19.594741547080133,0.0979214630203612,114.25143241737403,164.91327015205044,20260530002100010012;20260530002101020022,OBJ_MP_1399_0069.fits.gz;OBJ_MP_1399_0091.fits.gz;OBJ_MP_1399_0113.fits.gz,6960;6742;6210,61190.57060670;61190.59221720;61190.61378338,190.08229226;190.08159340;190.08096483,4.66741283;4.66763769;4.66776946,20;20;20,0->1;0->1;1->2,3,3,61190.57043309028,61190.59204358796,61190.61360976851,190.08159339792013,4.667637690848427,16.7623348236084,16.970666885375977,3423.6797499091804,7655.806910838775,1.036240277637262,4.760476350723918,retained_after_posthoc_audit,True,True,187.41499654034249,8.28206541475126,62.165115212496126,61190.56351510203,61190.77975450392,0.6846836622571573,4.505061983072665,dusk,0.6846836622571573,0.6846836622571573,C/2025 Y1 (ATLAS),12:40:20,"+04 40'04""",0.1245,18.4,-4.758,1.276,4.926128297151831,164.98766721559628,4.760476350723918,164.91327015205044,0.16565194642791337,0.07439706354583109,342.1,342.1,0.08680726392118054,True,True,candidate_rows_within_search_radius,unverified_requires_mpc_submission_reconciliation
20260530,unknown_catalog,/processed1/20260530/L4/20260530_unknown_links.fits,20260530_unknown_links.fits,20160,2026-06-20T03:25:04.182923+00:00,6,OBJ_MP_1399_0116.fits.gz;OBJ_MP_1399_0138.fits.gz;OBJ_MP_1399_0160.fits.gz,00001gM,75,2,3,True,True,0.1311236228311985,0.0,0.2271127768161342,0.896872089830674,0.4494820755259309,17.86890520346914,352.4141437119607,57.96614091444849,-179.9893753271378,19.38238331921871,0.1511814326054529,135.25761496182693,166.55300712169313,20260530002103040041;20260530002104050046,OBJ_MP_1399_0116.fits.gz;OBJ_MP_1399_0138.fits.gz;OBJ_MP_1399_0160.fits.gz,6081;5856;5565,61190.61664051;61190.63819181;61190.65971010,190.08093597;190.08007002;190.07935694,4.66781606;4.66805151;4.66819234,20;20;20,3->4;3->4;4->5,3,3,61190.61646689815,61190.63801819445,61190.659536493054,190.08007001984177,4.66805150677744,16.728836059570312,16.920516967773438,3418.52713448068,7662.0243066695,1.0336702776839957,5.635733956742789,retained_after_posthoc_audit,True,True,187.41342214578717,8.281844567948589,62.169213696998845,61190.56351510203,61190.77975450392,1.7880742179695517,3.40167142736027,dusk,1.7880742179695517,1.7880742179695517,C/2025 Y1 (ATLAS),12:40:19,"+04 40'05""",0.1903,18.4,-4.679,1.26,4.845682717636391,164.9284378912443,5.635733956742789,166.55300712169313,0.7900512391063979,1.6245692304488273,342.6,342.6,0.42881937403596826,True,True,candidate_rows_within_search_radius,unverified_requires_mpc_submission_reconciliation
20260601,unknown_catalog,/processed1/20260601/L4/20260601_unknown_links.fits,20260601_unknown_links.fits,17280,2026-06-20T03:26:41.998044+00:00,0,OBJ_MP_1396_0043.fits.gz;OBJ_MP_1396_0065.fits.gz;OBJ_MP_1396_0087.fits.gz,00001h1,9,2,3,True,True,0.017112997733483,0.0,0.0296405815442037,0.946366023097585,0.7963451533903043,11.234064239353769,348.6661807500844,44.912643387006305,-179.99567662129488,10.308988378330463,0.0259893902296251,202.87176362994023,194.34694486910777,20260601000300010010;20260601000301020034,OBJ_MP_1396_0043.fits.gz;OBJ_MP_1396_0065.fits.gz;OBJ_MP_1396_0087.fits.gz,6741;6063;5508,61192.54066069;61192.56221444;61192.58375057,182.10572999;182.10453188;182.10335574,7.75719225;7.75690251;7.75659054,2;2;2,0->1;0->1;1->2,3,3,61192.54048708333,61192.562040833334,61192.58357695602,182.10453188220467,7.756902508993796,18.16482162475586,18.54908561706543,3058.1567866914925,5854.528409809004,1.034156944602728,8.45299015124751,retained_after_posthoc_audit,True,True,178.82647697305606,7.94909239630375,70.75683498400286,61192.56516837091,61192.77852503393,-0.0750609017559327,5.195620814280119,dusk,0.0750609017559327,-0.0750609017559327,160142 (2001 DG101),12:08:25,"+07 46'12""",47.31,20.7,3.162,-14.53,14.87007545374266,282.27721509696255,8.45299015124751,194.34694486910777,6.417085302495149,87.93027022785475,0.1793,0.1793,13.309452061159783,False,False,candidate_rows_within_search_radius,unverified_requires_mpc_submission_reconciliation
20260601,unknown_catalog,/processed1/20260601/L4/20260601_unknown_links.fits,20260601_unknown_links.fits,17280,2026-06-20T03:26:41.998044+00:00,7,OBJ_MP_1399_0061.fits.gz;OBJ_MP_1399_0083.fits.gz;OBJ_MP_1399_0105.fits.gz,00001h8,82,2,3,True,True,0.0039679813360358,0.0,0.0068727452774991,1.6824973720798422,0.4858864250380904,9.492940911884268,355.8438978345807,33.448299370000896,-179.99614942637487,13.506805534669551,0.0084120509186425,98.23062913781293,166.8455975589077,20260601002100010010;20260601002101020021,OBJ_MP_1399_0061.fits.gz;OBJ_MP_1399_0083.fits.gz;OBJ_MP_1399_0105.fits.gz,8722;8254;7408,61192.55836516;61192.57993255;61192.60144081,190.02833937;190.02775946;190.02719101,4.68188931;4.68202269;4.68215680,20;20;20,0->1;0->1;1->2,3,3,61192.558191550925,61192.579758935186,61192.60126719907,190.02775945960477,4.6820226927719615,16.672510147094727,17.092548370361328,3472.4619856342715,7485.675037275704,1.0338155556237325,4.092942880742204,retained_after_posthoc_audit,True,True,187.35945648199183,8.274040404535288,62.32999701082463,61192.56516837091,61192.77852503393,0.3501735426834784,4.770386369840708,dusk,0.3501735426834784,0.3501735426834784,C/2025 Y1 (ATLAS),12:40:07,"+04 40'55""",0.1299,18.4,-3.973,0.8689,4.066904991513817,167.66357927598898,4.092942880742204,166.8455975589077,0.026037889228387456,0.8179817170812669,366.1,366.1,0.08680664844157746,True,True,candidate_rows_within_search_radius,unverified_requires_mpc_submission_reconciliation
