category,mtime_utc,path,size_bytes
small_production_product,2026-06-19T19:46:46.089373+00:00,/pipeline/xiaoyunao/data/heliolincrr/20251116/analysis/20251116_single_night_summary.json,15849
small_production_product,2026-06-19T19:49:57.812990+00:00,/pipeline/xiaoyunao/data/heliolincrr/20251118/analysis/20251118_single_night_summary.json,85843
small_production_product,2026-06-19T20:07:36.889563+00:00,/pipeline/xiaoyunao/data/heliolincrr/20251119/analysis/20251119_single_night_summary.json,82078
small_production_product,2026-06-19T20:22:14.068662+00:00,/pipeline/xiaoyunao/data/heliolincrr/20251120/analysis/20251120_single_night_summary.json,85137
small_production_product,2026-06-19T20:37:59.393297+00:00,/pipeline/xiaoyunao/data/heliolincrr/20251121/analysis/20251121_single_night_summary.json,122528
small_production_product,2026-06-19T21:02:12.231780+00:00,/pipeline/xiaoyunao/data/heliolincrr/20251122/analysis/20251122_single_night_summary.json,25031
small_production_product,2026-06-19T21:05:09.622951+00:00,/pipeline/xiaoyunao/data/heliolincrr/20251123/analysis/20251123_single_night_summary.json,75316
small_production_product,2026-06-19T21:19:44.518749+00:00,/pipeline/xiaoyunao/data/heliolincrr/20251124/analysis/20251124_single_night_summary.json,19854
small_production_product,2026-06-19T21:23:21.366261+00:00,/pipeline/xiaoyunao/data/heliolincrr/20251125/analysis/20251125_single_night_summary.json,27623
small_production_product,2026-06-19T21:28:36.097739+00:00,/pipeline/xiaoyunao/data/heliolincrr/20251127/analysis/20251127_single_night_summary.json,8999
small_production_product,2026-06-19T21:30:06.924617+00:00,/pipeline/xiaoyunao/data/heliolincrr/20251128/analysis/20251128_single_night_summary.json,3051
small_production_product,2026-06-19T21:30:18.461217+00:00,/pipeline/xiaoyunao/data/heliolincrr/20251129/analysis/20251129_single_night_summary.json,21490
small_production_product,2026-06-19T21:34:25.874564+00:00,/pipeline/xiaoyunao/data/heliolincrr/20251130/analysis/20251130_single_night_summary.json,7808
small_production_product,2026-06-19T21:34:46.794999+00:00,/pipeline/xiaoyunao/data/heliolincrr/20251201/analysis/20251201_single_night_summary.json,2893
small_production_product,2026-06-19T21:34:59.202034+00:00,/pipeline/xiaoyunao/data/heliolincrr/20251202/analysis/20251202_single_night_summary.json,18144
small_production_product,2026-06-19T21:38:42.689722+00:00,/pipeline/xiaoyunao/data/heliolincrr/20251203/analysis/20251203_single_night_summary.json,88170
small_production_product,2026-06-19T21:57:39.319094+00:00,/pipeline/xiaoyunao/data/heliolincrr/20251204/analysis/20251204_single_night_summary.json,41019
small_production_product,2026-06-19T22:06:35.648290+00:00,/pipeline/xiaoyunao/data/heliolincrr/20251205/analysis/20251205_single_night_summary.json,27266
small_production_product,2026-06-19T22:12:01.773320+00:00,/pipeline/xiaoyunao/data/heliolincrr/20251206/analysis/20251206_single_night_summary.json,50144
small_production_product,2026-06-19T22:22:38.426159+00:00,/pipeline/xiaoyunao/data/heliolincrr/20251207/analysis/20251207_single_night_summary.json,130632
small_production_product,2026-06-19T22:49:38.613581+00:00,/pipeline/xiaoyunao/data/heliolincrr/20251208/analysis/20251208_single_night_summary.json,56071
small_production_product,2026-06-19T23:01:31.255420+00:00,/pipeline/xiaoyunao/data/heliolincrr/20251209/analysis/20251209_single_night_summary.json,97207
small_production_product,2026-06-19T23:22:05.892582+00:00,/pipeline/xiaoyunao/data/heliolincrr/20251210/analysis/20251210_single_night_summary.json,82430
small_production_product,2026-06-19T23:39:24.807176+00:00,/pipeline/xiaoyunao/data/heliolincrr/20251213/analysis/20251213_single_night_summary.json,52468
small_production_product,2026-06-19T23:50:27.360070+00:00,/pipeline/xiaoyunao/data/heliolincrr/20251214/analysis/20251214_single_night_summary.json,61539
small_production_product,2026-06-20T00:03:39.967660+00:00,/pipeline/xiaoyunao/data/heliolincrr/20251215/analysis/20251215_single_night_summary.json,150089
small_production_product,2026-06-20T00:34:23.342885+00:00,/pipeline/xiaoyunao/data/heliolincrr/20251216/analysis/20251216_single_night_summary.json,124711
small_production_product,2026-06-20T01:00:13.071843+00:00,/pipeline/xiaoyunao/data/heliolincrr/20251217/analysis/20251217_single_night_summary.json,57226
small_production_product,2026-06-20T01:22:02.808086+00:00,/pipeline/xiaoyunao/data/heliolincrr/20251220/analysis/20251220_single_night_summary.json,26356
small_production_product,2026-06-20T01:23:16.422812+00:00,/pipeline/xiaoyunao/data/heliolincrr/20251221/analysis/20251221_single_night_summary.json,46662
small_production_product,2026-06-20T01:31:34.703099+00:00,/pipeline/xiaoyunao/data/heliolincrr/20251223/analysis/20251223_single_night_summary.json,63947
small_production_product,2026-06-20T01:33:30.097684+00:00,/pipeline/xiaoyunao/data/heliolincrr/20251225/analysis/20251225_single_night_summary.json,79996
small_production_product,2026-06-20T01:36:03.397224+00:00,/pipeline/xiaoyunao/data/heliolincrr/20251226/analysis/20251226_single_night_summary.json,438661
small_production_product,2026-06-20T01:36:36.602267+00:00,/pipeline/xiaoyunao/data/heliolincrr/20251227/analysis/20251227_single_night_summary.json,47435
small_production_product,2026-06-20T01:37:59.101682+00:00,/pipeline/xiaoyunao/data/heliolincrr/20251228/analysis/20251228_single_night_summary.json,210954
small_production_product,2026-06-20T01:42:26.867296+00:00,/pipeline/xiaoyunao/data/heliolincrr/20251229/analysis/20251229_single_night_summary.json,99982
small_production_product,2026-06-20T01:44:20.219080+00:00,/pipeline/xiaoyunao/data/heliolincrr/20251230/analysis/20251230_single_night_summary.json,99632
small_production_product,2026-06-20T01:46:10.284875+00:00,/pipeline/xiaoyunao/data/heliolincrr/20251231/analysis/20251231_single_night_summary.json,50940
small_production_product,2026-06-20T01:47:13.851196+00:00,/pipeline/xiaoyunao/data/heliolincrr/20260101/analysis/20260101_single_night_summary.json,38540
small_production_product,2026-06-20T01:48:11.050704+00:00,/pipeline/xiaoyunao/data/heliolincrr/20260102/analysis/20260102_single_night_summary.json,55580
small_production_product,2026-06-20T01:48:55.932017+00:00,/pipeline/xiaoyunao/data/heliolincrr/20260103/analysis/20260103_single_night_summary.json,6524
small_production_product,2026-06-20T01:49:31.524258+00:00,/pipeline/xiaoyunao/data/heliolincrr/20260104/analysis/20260104_single_night_summary.json,76794
small_production_product,2026-06-20T01:51:08.798298+00:00,/pipeline/xiaoyunao/data/heliolincrr/20260105/analysis/20260105_single_night_summary.json,59715
small_production_product,2026-06-20T01:52:17.170914+00:00,/pipeline/xiaoyunao/data/heliolincrr/20260106/analysis/20260106_single_night_summary.json,72138
small_production_product,2026-06-20T01:53:53.768021+00:00,/pipeline/xiaoyunao/data/heliolincrr/20260107/analysis/20260107_single_night_summary.json,93904
small_production_product,2026-06-20T01:56:37.635829+00:00,/pipeline/xiaoyunao/data/heliolincrr/20260108/analysis/20260108_single_night_summary.json,34157
small_production_product,2026-06-20T01:58:20.794911+00:00,/pipeline/xiaoyunao/data/heliolincrr/20260109/analysis/20260109_single_night_summary.json,22809
small_production_product,2026-06-20T01:59:04.789596+00:00,/pipeline/xiaoyunao/data/heliolincrr/20260110/analysis/20260110_single_night_summary.json,36589
small_production_product,2026-06-20T02:00:24.815374+00:00,/pipeline/xiaoyunao/data/heliolincrr/20260111/analysis/20260111_single_night_summary.json,438414
small_production_product,2026-06-20T02:00:43.399147+00:00,/pipeline/xiaoyunao/data/heliolincrr/20260112/analysis/20260112_single_night_summary.json,23293
small_production_product,2026-06-20T02:02:33.117417+00:00,/pipeline/xiaoyunao/data/heliolincrr/20260114/analysis/20260114_single_night_summary.json,74509
small_production_product,2026-06-20T02:06:04.429666+00:00,/pipeline/xiaoyunao/data/heliolincrr/20260115/analysis/20260115_single_night_summary.json,57319
small_production_product,2026-06-20T02:08:12.801375+00:00,/pipeline/xiaoyunao/data/heliolincrr/20260116/analysis/20260116_single_night_summary.json,59310
small_production_product,2026-06-20T02:09:31.045223+00:00,/pipeline/xiaoyunao/data/heliolincrr/20260117/analysis/20260117_single_night_summary.json,31955
small_production_product,2026-06-20T02:10:26.394553+00:00,/pipeline/xiaoyunao/data/heliolincrr/20260119/analysis/20260119_single_night_summary.json,8329
small_production_product,2026-06-20T02:11:06.587888+00:00,/pipeline/xiaoyunao/data/heliolincrr/20260120/analysis/20260120_single_night_summary.json,20282
small_production_product,2026-06-20T02:11:56.957232+00:00,/pipeline/xiaoyunao/data/heliolincrr/20260121/analysis/20260121_single_night_summary.json,94369
small_production_product,2026-06-20T02:14:04.421837+00:00,/pipeline/xiaoyunao/data/heliolincrr/20260122/analysis/20260122_single_night_summary.json,74642
small_production_product,2026-06-20T02:15:31.989560+00:00,/pipeline/xiaoyunao/data/heliolincrr/20260123/analysis/20260123_single_night_summary.json,60969
small_production_product,2026-06-20T02:16:42.901956+00:00,/pipeline/xiaoyunao/data/heliolincrr/20260124/analysis/20260124_single_night_summary.json,55012
small_production_product,2026-06-20T02:20:01.372570+00:00,/pipeline/xiaoyunao/data/heliolincrr/20260126/analysis/20260126_single_night_summary.json,66592
small_production_product,2026-06-20T02:21:31.653555+00:00,/pipeline/xiaoyunao/data/heliolincrr/20260127/analysis/20260127_single_night_summary.json,8279
small_production_product,2026-06-20T02:21:48.963035+00:00,/pipeline/xiaoyunao/data/heliolincrr/20260128/analysis/20260128_single_night_summary.json,2890
small_production_product,2026-06-20T02:22:08.110832+00:00,/pipeline/xiaoyunao/data/heliolincrr/20260129/analysis/20260129_single_night_summary.json,23777
small_production_product,2026-06-20T02:22:52.276533+00:00,/pipeline/xiaoyunao/data/heliolincrr/20260131/analysis/20260131_single_night_summary.json,14077
small_production_product,2026-06-20T02:23:15.137716+00:00,/pipeline/xiaoyunao/data/heliolincrr/20260201/analysis/20260201_single_night_summary.json,22758
small_production_product,2026-06-20T02:23:56.454721+00:00,/pipeline/xiaoyunao/data/heliolincrr/20260202/analysis/20260202_single_night_summary.json,66519
small_production_product,2026-06-20T02:25:02.461186+00:00,/pipeline/xiaoyunao/data/heliolincrr/20260205/analysis/20260205_single_night_summary.json,19416
small_production_product,2026-06-20T02:26:03.409809+00:00,/pipeline/xiaoyunao/data/heliolincrr/20260206/analysis/20260206_single_night_summary.json,19331
small_production_product,2026-06-20T02:27:24.759578+00:00,/pipeline/xiaoyunao/data/heliolincrr/20260207/analysis/20260207_single_night_summary.json,61910
small_production_product,2026-06-20T02:29:54.241635+00:00,/pipeline/xiaoyunao/data/heliolincrr/20260208/analysis/20260208_single_night_summary.json,109002
small_production_product,2026-06-20T02:34:02.896709+00:00,/pipeline/xiaoyunao/data/heliolincrr/20260210/analysis/20260210_single_night_summary.json,29631
small_production_product,2026-06-20T02:35:23.523653+00:00,/pipeline/xiaoyunao/data/heliolincrr/20260211/analysis/20260211_single_night_summary.json,96433
small_production_product,2026-06-20T02:37:45.356058+00:00,/pipeline/xiaoyunao/data/heliolincrr/20260212/analysis/20260212_single_night_summary.json,20428
small_production_product,2026-06-20T02:38:35.365083+00:00,/pipeline/xiaoyunao/data/heliolincrr/20260213/analysis/20260213_single_night_summary.json,126246
small_production_product,2026-06-20T02:42:08.302805+00:00,/pipeline/xiaoyunao/data/heliolincrr/20260215/analysis/20260215_single_night_summary.json,51591
small_production_product,2026-06-20T02:43:34.943621+00:00,/pipeline/xiaoyunao/data/heliolincrr/20260216/analysis/20260216_single_night_summary.json,83772
small_production_product,2026-06-20T02:45:42.475569+00:00,/pipeline/xiaoyunao/data/heliolincrr/20260217/analysis/20260217_single_night_summary.json,149272
small_production_product,2026-06-20T02:49:14.538889+00:00,/pipeline/xiaoyunao/data/heliolincrr/20260218/analysis/20260218_single_night_summary.json,88101
small_production_product,2026-06-20T02:51:08.149178+00:00,/pipeline/xiaoyunao/data/heliolincrr/20260219/analysis/20260219_single_night_summary.json,107870
small_production_product,2026-06-20T02:53:47.413577+00:00,/pipeline/xiaoyunao/data/heliolincrr/20260220/analysis/20260220_single_night_summary.json,41045
small_production_product,2026-06-20T02:55:02.624941+00:00,/pipeline/xiaoyunao/data/heliolincrr/20260222/analysis/20260222_single_night_summary.json,59648
small_production_product,2026-06-20T02:56:18.500374+00:00,/pipeline/xiaoyunao/data/heliolincrr/20260223/analysis/20260223_single_night_summary.json,5547
small_production_product,2026-06-20T02:56:25.194926+00:00,/pipeline/xiaoyunao/data/heliolincrr/20260224/analysis/20260224_single_night_summary.json,2908
small_production_product,2026-06-20T02:56:38.520672+00:00,/pipeline/xiaoyunao/data/heliolincrr/20260303/analysis/20260303_single_night_summary.json,13568
small_production_product,2026-06-20T02:57:10.142399+00:00,/pipeline/xiaoyunao/data/heliolincrr/20260306/analysis/20260306_single_night_summary.json,14929
small_production_product,2026-06-20T02:57:45.292461+00:00,/pipeline/xiaoyunao/data/heliolincrr/20260308/analysis/20260308_single_night_summary.json,21355
small_production_product,2026-06-20T02:58:37.010190+00:00,/pipeline/xiaoyunao/data/heliolincrr/20260309/analysis/20260309_single_night_summary.json,12483
small_production_product,2026-06-20T02:59:15.681436+00:00,/pipeline/xiaoyunao/data/heliolincrr/20260310/analysis/20260310_single_night_summary.json,103285
small_production_product,2026-06-20T03:01:20.944086+00:00,/pipeline/xiaoyunao/data/heliolincrr/20260311/analysis/20260311_single_night_summary.json,82524
small_production_product,2026-06-20T03:02:38.527488+00:00,/pipeline/xiaoyunao/data/heliolincrr/20260315/analysis/20260315_single_night_summary.json,8877
small_production_product,2026-06-20T03:02:53.330348+00:00,/pipeline/xiaoyunao/data/heliolincrr/20260316/analysis/20260316_single_night_summary.json,21635
small_production_product,2026-06-20T03:03:15.190260+00:00,/pipeline/xiaoyunao/data/heliolincrr/20260318/analysis/20260318_single_night_summary.json,23897
small_production_product,2026-06-20T03:03:52.880255+00:00,/pipeline/xiaoyunao/data/heliolincrr/20260330/analysis/20260330_single_night_summary.json,13608
small_production_product,2026-06-20T03:04:24.287664+00:00,/pipeline/xiaoyunao/data/heliolincrr/20260331/analysis/20260331_single_night_summary.json,35336
small_production_product,2026-06-20T03:05:16.158630+00:00,/pipeline/xiaoyunao/data/heliolincrr/20260401/analysis/20260401_single_night_summary.json,25005
small_production_product,2026-06-20T03:05:48.145108+00:00,/pipeline/xiaoyunao/data/heliolincrr/20260403/analysis/20260403_single_night_summary.json,20466
small_production_product,2026-06-20T03:06:13.067188+00:00,/pipeline/xiaoyunao/data/heliolincrr/20260404/analysis/20260404_single_night_summary.json,5424
small_production_product,2026-06-20T03:06:24.664620+00:00,/pipeline/xiaoyunao/data/heliolincrr/20260405/analysis/20260405_single_night_summary.json,11259
small_production_product,2026-06-20T03:07:00.185193+00:00,/pipeline/xiaoyunao/data/heliolincrr/20260406/analysis/20260406_single_night_summary.json,73271
small_production_product,2026-06-20T03:08:22.712198+00:00,/pipeline/xiaoyunao/data/heliolincrr/20260407/analysis/20260407_single_night_summary.json,115934
small_production_product,2026-06-20T03:10:09.682116+00:00,/pipeline/xiaoyunao/data/heliolincrr/20260410/analysis/20260410_single_night_summary.json,34333
small_production_product,2026-06-20T03:10:48.369750+00:00,/pipeline/xiaoyunao/data/heliolincrr/20260411/analysis/20260411_single_night_summary.json,11182
small_production_product,2026-06-20T03:10:57.375906+00:00,/pipeline/xiaoyunao/data/heliolincrr/20260412/analysis/20260412_single_night_summary.json,2891
small_production_product,2026-06-20T03:11:23.771494+00:00,/pipeline/xiaoyunao/data/heliolincrr/20260420/analysis/20260420_single_night_summary.json,125035
small_production_product,2026-06-20T03:13:15.206355+00:00,/pipeline/xiaoyunao/data/heliolincrr/20260422/analysis/20260422_single_night_summary.json,11193
small_production_product,2026-06-20T03:13:28.225995+00:00,/pipeline/xiaoyunao/data/heliolincrr/20260423/analysis/20260423_single_night_summary.json,4284
small_production_product,2026-06-20T03:13:36.986350+00:00,/pipeline/xiaoyunao/data/heliolincrr/20260425/analysis/20260425_single_night_summary.json,5410
small_production_product,2026-06-20T03:13:49.344709+00:00,/pipeline/xiaoyunao/data/heliolincrr/20260426/analysis/20260426_single_night_summary.json,8278
small_production_product,2026-06-20T03:14:05.368347+00:00,/pipeline/xiaoyunao/data/heliolincrr/20260427/analysis/20260427_single_night_summary.json,28504
small_production_product,2026-06-20T03:14:48.069361+00:00,/pipeline/xiaoyunao/data/heliolincrr/20260428/analysis/20260428_single_night_summary.json,42899
small_production_product,2026-06-20T03:15:39.749079+00:00,/pipeline/xiaoyunao/data/heliolincrr/20260429/analysis/20260429_single_night_summary.json,69835
small_production_product,2026-06-20T03:16:49.261705+00:00,/pipeline/xiaoyunao/data/heliolincrr/20260430/analysis/20260430_single_night_summary.json,3006
small_production_product,2026-06-20T03:17:17.886358+00:00,/pipeline/xiaoyunao/data/heliolincrr/20260503/analysis/20260503_single_night_summary.json,40473
small_production_product,2026-06-20T03:18:39.471371+00:00,/pipeline/xiaoyunao/data/heliolincrr/20260504/analysis/20260504_single_night_summary.json,49550
small_production_product,2026-06-20T03:19:32.930612+00:00,/pipeline/xiaoyunao/data/heliolincrr/20260506/analysis/20260506_single_night_summary.json,30863
small_production_product,2026-06-20T03:20:07.090671+00:00,/pipeline/xiaoyunao/data/heliolincrr/20260507/analysis/20260507_single_night_summary.json,21683
small_production_product,2026-06-20T03:20:54.702866+00:00,/pipeline/xiaoyunao/data/heliolincrr/20260508/analysis/20260508_single_night_summary.json,41322
small_production_product,2026-06-20T03:21:39.656711+00:00,/pipeline/xiaoyunao/data/heliolincrr/20260509/analysis/20260509_single_night_summary.json,53788
small_production_product,2026-06-20T03:22:53.646169+00:00,/pipeline/xiaoyunao/data/heliolincrr/20260512/analysis/20260512_single_night_summary.json,35424
small_production_product,2026-06-20T03:23:42.064534+00:00,/pipeline/xiaoyunao/data/heliolincrr/20260528/analysis/20260528_single_night_summary.json,1075996
small_production_product,2026-06-20T03:24:04.605074+00:00,/pipeline/xiaoyunao/data/heliolincrr/20260529/analysis/20260529_single_night_summary.json,36561
small_production_product,2026-06-20T03:25:03.658476+00:00,/pipeline/xiaoyunao/data/heliolincrr/20260530/analysis/20260530_single_night_summary.json,27297
small_production_product,2026-06-20T03:26:41.488985+00:00,/pipeline/xiaoyunao/data/heliolincrr/20260601/analysis/20260601_single_night_summary.json,24991
small_production_product,2026-06-20T03:27:40.699009+00:00,/pipeline/xiaoyunao/data/heliolincrr/20260611/analysis/20260611_single_night_summary.json,757743
small_production_product,2026-06-20T04:41:55.344174+00:00,/pipeline/xiaoyunao/data/heliolincrr/20260617/analysis/20260617_single_night_summary.json,3191
small_production_product,2026-06-21T03:49:28.958504+00:00,/pipeline/xiaoyunao/data/heliolincrr/20260620/analysis/20260620_single_night_summary.json,25279
small_production_product,2026-07-16T01:04:51.249392+00:00,/pipeline/xiaoyunao/data/heliolincrr/20260715/analysis/20260715_single_night_summary.json,3328
small_production_product,2026-06-19T19:49:37.689525+00:00,/pipeline/xiaoyunao/heliolincrr/review_packages/20251116/20251116_unknown_review_manifest.json,12162
small_production_product,2026-06-19T20:07:09.962423+00:00,/pipeline/xiaoyunao/heliolincrr/review_packages/20251118/20251118_unknown_review_manifest.json,75700
small_production_product,2026-06-19T20:21:38.604115+00:00,/pipeline/xiaoyunao/heliolincrr/review_packages/20251119/20251119_unknown_review_manifest.json,67469
small_production_product,2026-06-19T20:37:15.737482+00:00,/pipeline/xiaoyunao/heliolincrr/review_packages/20251120/20251120_unknown_review_manifest.json,66354
small_production_product,2026-06-19T21:01:55.647887+00:00,/pipeline/xiaoyunao/heliolincrr/review_packages/20251121/20251121_unknown_review_manifest.json,109026
small_production_product,2026-06-19T21:04:56.256863+00:00,/pipeline/xiaoyunao/heliolincrr/review_packages/20251122/20251122_unknown_review_manifest.json,12157
small_production_product,2026-06-19T21:19:32.568540+00:00,/pipeline/xiaoyunao/heliolincrr/review_packages/20251123/20251123_unknown_review_manifest.json,66238
small_production_product,2026-06-19T21:23:08.308817+00:00,/pipeline/xiaoyunao/heliolincrr/review_packages/20251124/20251124_unknown_review_manifest.json,15319
small_production_product,2026-06-19T21:28:18.524065+00:00,/pipeline/xiaoyunao/heliolincrr/review_packages/20251125/20251125_unknown_review_manifest.json,21601
small_production_product,2026-06-19T21:29:58.430801+00:00,/pipeline/xiaoyunao/heliolincrr/review_packages/20251127/20251127_unknown_review_manifest.json,5900
small_production_product,2026-06-19T21:30:08.720904+00:00,/pipeline/xiaoyunao/heliolincrr/review_packages/20251128/20251128_unknown_review_manifest.json,699
small_production_product,2026-06-19T21:34:14.581811+00:00,/pipeline/xiaoyunao/heliolincrr/review_packages/20251129/20251129_unknown_review_manifest.json,17448
small_production_product,2026-06-19T21:34:43.073420+00:00,/pipeline/xiaoyunao/heliolincrr/review_packages/20251130/20251130_unknown_review_manifest.json,1744
small_production_product,2026-06-19T21:34:48.590794+00:00,/pipeline/xiaoyunao/heliolincrr/review_packages/20251201/20251201_unknown_review_manifest.json,699
small_production_product,2026-06-19T21:38:14.829487+00:00,/pipeline/xiaoyunao/heliolincrr/review_packages/20251202/20251202_unknown_review_manifest.json,14268
small_production_product,2026-06-19T21:57:08.859456+00:00,/pipeline/xiaoyunao/heliolincrr/review_packages/20251203/20251203_unknown_review_manifest.json,77892
small_production_product,2026-06-19T22:06:04.436962+00:00,/pipeline/xiaoyunao/heliolincrr/review_packages/20251204/20251204_unknown_review_manifest.json,34144
small_production_product,2026-06-19T22:11:37.127003+00:00,/pipeline/xiaoyunao/heliolincrr/review_packages/20251205/20251205_unknown_review_manifest.json,20499
small_production_product,2026-06-19T22:22:01.837673+00:00,/pipeline/xiaoyunao/heliolincrr/review_packages/20251206/20251206_unknown_review_manifest.json,43303
small_production_product,2026-06-19T22:49:06.695640+00:00,/pipeline/xiaoyunao/heliolincrr/review_packages/20251207/20251207_unknown_review_manifest.json,116429
small_production_product,2026-06-19T23:00:56.237244+00:00,/pipeline/xiaoyunao/heliolincrr/review_packages/20251208/20251208_unknown_review_manifest.json,48633
small_production_product,2026-06-19T23:21:30.639058+00:00,/pipeline/xiaoyunao/heliolincrr/review_packages/20251209/20251209_unknown_review_manifest.json,86138
small_production_product,2026-06-19T23:38:56.430696+00:00,/pipeline/xiaoyunao/heliolincrr/review_packages/20251210/20251210_unknown_review_manifest.json,72617
small_production_product,2026-06-19T23:50:05.947753+00:00,/pipeline/xiaoyunao/heliolincrr/review_packages/20251213/20251213_unknown_review_manifest.json,45468
small_production_product,2026-06-20T00:03:05.350257+00:00,/pipeline/xiaoyunao/heliolincrr/review_packages/20251214/20251214_unknown_review_manifest.json,53819
small_production_product,2026-06-20T00:33:46.316832+00:00,/pipeline/xiaoyunao/heliolincrr/review_packages/20251215/20251215_unknown_review_manifest.json,134150
small_production_product,2026-06-20T00:59:37.231812+00:00,/pipeline/xiaoyunao/heliolincrr/review_packages/20251216/20251216_unknown_review_manifest.json,111188
small_production_product,2026-06-20T01:12:11.974149+00:00,/pipeline/xiaoyunao/heliolincrr/review_packages/20251217/20251217_unknown_review_manifest.json,49758
small_production_product,2026-06-20T01:22:34.139245+00:00,/pipeline/xiaoyunao/heliolincrr/review_packages/20251220/20251220_unknown_review_manifest.json,21573
small_production_product,2026-06-20T01:31:03.119520+00:00,/pipeline/xiaoyunao/heliolincrr/review_packages/20251221/20251221_unknown_review_manifest.json,40230
small_production_product,2026-06-20T01:33:04.534599+00:00,/pipeline/xiaoyunao/heliolincrr/review_packages/20251223/20251223_unknown_review_manifest.json,55942
small_production_product,2026-06-20T01:35:12.530109+00:00,/pipeline/xiaoyunao/heliolincrr/review_packages/20251225/20251225_unknown_review_manifest.json,70452
small_production_product,2026-06-20T01:37:25.491680+00:00,/pipeline/xiaoyunao/heliolincrr/review_packages/20251227/20251227_unknown_review_manifest.json,40344
small_production_product,2026-06-20T01:41:51.153522+00:00,/pipeline/xiaoyunao/heliolincrr/review_packages/20251228/20251228_unknown_review_manifest.json,189615
small_production_product,2026-06-20T01:43:52.492970+00:00,/pipeline/xiaoyunao/heliolincrr/review_packages/20251229/20251229_unknown_review_manifest.json,79088
small_production_product,2026-06-20T01:45:37.824200+00:00,/pipeline/xiaoyunao/heliolincrr/review_packages/20251230/20251230_unknown_review_manifest.json,88202
small_production_product,2026-06-20T01:46:43.098148+00:00,/pipeline/xiaoyunao/heliolincrr/review_packages/20251231/20251231_unknown_review_manifest.json,43470
small_production_product,2026-06-20T01:47:36.360464+00:00,/pipeline/xiaoyunao/heliolincrr/review_packages/20260101/20260101_unknown_review_manifest.json,32005
small_production_product,2026-06-20T01:48:46.562845+00:00,/pipeline/xiaoyunao/heliolincrr/review_packages/20260102/20260102_unknown_review_manifest.json,45421
small_production_product,2026-06-20T01:48:57.741400+00:00,/pipeline/xiaoyunao/heliolincrr/review_packages/20260103/20260103_unknown_review_manifest.json,1744
small_production_product,2026-06-20T01:50:33.811344+00:00,/pipeline/xiaoyunao/heliolincrr/review_packages/20260104/20260104_unknown_review_manifest.json,67412
small_production_product,2026-06-20T01:51:46.828546+00:00,/pipeline/xiaoyunao/heliolincrr/review_packages/20260105/20260105_unknown_review_manifest.json,44448
small_production_product,2026-06-20T01:53:21.465911+00:00,/pipeline/xiaoyunao/heliolincrr/review_packages/20260106/20260106_unknown_review_manifest.json,63205
small_production_product,2026-06-20T01:56:19.105007+00:00,/pipeline/xiaoyunao/heliolincrr/review_packages/20260107/20260107_unknown_review_manifest.json,83044
small_production_product,2026-06-20T01:58:00.947705+00:00,/pipeline/xiaoyunao/heliolincrr/review_packages/20260108/20260108_unknown_review_manifest.json,28853
small_production_product,2026-06-20T01:58:38.047067+00:00,/pipeline/xiaoyunao/heliolincrr/review_packages/20260109/20260109_unknown_review_manifest.json,18426
small_production_product,2026-06-20T01:59:59.777534+00:00,/pipeline/xiaoyunao/heliolincrr/review_packages/20260110/20260110_unknown_review_manifest.json,30960
small_production_product,2026-06-20T02:02:00.834296+00:00,/pipeline/xiaoyunao/heliolincrr/review_packages/20260112/20260112_unknown_review_manifest.json,18441
small_production_product,2026-06-20T02:05:34.321385+00:00,/pipeline/xiaoyunao/heliolincrr/review_packages/20260114/20260114_unknown_review_manifest.json,65390
small_production_product,2026-06-20T02:07:43.124546+00:00,/pipeline/xiaoyunao/heliolincrr/review_packages/20260115/20260115_unknown_review_manifest.json,49751
small_production_product,2026-06-20T02:09:13.479234+00:00,/pipeline/xiaoyunao/heliolincrr/review_packages/20260116/20260116_unknown_review_manifest.json,43382
small_production_product,2026-06-20T02:09:53.781648+00:00,/pipeline/xiaoyunao/heliolincrr/review_packages/20260117/20260117_unknown_review_manifest.json,23595
small_production_product,2026-06-20T02:10:32.306567+00:00,/pipeline/xiaoyunao/heliolincrr/review_packages/20260119/20260119_unknown_review_manifest.json,4853
small_production_product,2026-06-20T02:11:22.603156+00:00,/pipeline/xiaoyunao/heliolincrr/review_packages/20260120/20260120_unknown_review_manifest.json,12176
small_production_product,2026-06-20T02:13:27.409156+00:00,/pipeline/xiaoyunao/heliolincrr/review_packages/20260121/20260121_unknown_review_manifest.json,68416
small_production_product,2026-06-20T02:14:56.342442+00:00,/pipeline/xiaoyunao/heliolincrr/review_packages/20260122/20260122_unknown_review_manifest.json,51763
small_production_product,2026-06-20T02:16:09.130863+00:00,/pipeline/xiaoyunao/heliolincrr/review_packages/20260123/20260123_unknown_review_manifest.json,38341
small_production_product,2026-06-20T02:19:26.138493+00:00,/pipeline/xiaoyunao/heliolincrr/review_packages/20260124/20260124_unknown_review_manifest.json,47673
small_production_product,2026-06-20T02:21:06.747481+00:00,/pipeline/xiaoyunao/heliolincrr/review_packages/20260126/20260126_unknown_review_manifest.json,58148
small_production_product,2026-06-20T02:21:46.238974+00:00,/pipeline/xiaoyunao/heliolincrr/review_packages/20260127/20260127_unknown_review_manifest.json,4878
small_production_product,2026-06-20T02:21:49.969793+00:00,/pipeline/xiaoyunao/heliolincrr/review_packages/20260128/20260128_unknown_review_manifest.json,699
small_production_product,2026-06-20T02:22:32.770578+00:00,/pipeline/xiaoyunao/heliolincrr/review_packages/20260129/20260129_unknown_review_manifest.json,19445
small_production_product,2026-06-20T02:22:57.773059+00:00,/pipeline/xiaoyunao/heliolincrr/review_packages/20260131/20260131_unknown_review_manifest.json,6945
small_production_product,2026-06-20T02:23:26.797687+00:00,/pipeline/xiaoyunao/heliolincrr/review_packages/20260201/20260201_unknown_review_manifest.json,18405
small_production_product,2026-06-20T02:24:43.076063+00:00,/pipeline/xiaoyunao/heliolincrr/review_packages/20260202/20260202_unknown_review_manifest.json,56901
small_production_product,2026-06-20T02:25:47.968829+00:00,/pipeline/xiaoyunao/heliolincrr/review_packages/20260205/20260205_unknown_review_manifest.json,15322
small_production_product,2026-06-20T02:26:52.415322+00:00,/pipeline/xiaoyunao/heliolincrr/review_packages/20260206/20260206_unknown_review_manifest.json,15349
small_production_product,2026-06-20T02:29:17.121447+00:00,/pipeline/xiaoyunao/heliolincrr/review_packages/20260207/20260207_unknown_review_manifest.json,53966
small_production_product,2026-06-20T02:33:49.980611+00:00,/pipeline/xiaoyunao/heliolincrr/review_packages/20260208/20260208_unknown_review_manifest.json,96829
small_production_product,2026-06-20T02:34:52.317845+00:00,/pipeline/xiaoyunao/heliolincrr/review_packages/20260210/20260210_unknown_review_manifest.json,24742
small_production_product,2026-06-20T02:37:22.155897+00:00,/pipeline/xiaoyunao/heliolincrr/review_packages/20260211/20260211_unknown_review_manifest.json,85345
small_production_product,2026-06-20T02:38:07.256256+00:00,/pipeline/xiaoyunao/heliolincrr/review_packages/20260212/20260212_unknown_review_manifest.json,16353
small_production_product,2026-06-20T02:41:34.816128+00:00,/pipeline/xiaoyunao/heliolincrr/review_packages/20260213/20260213_unknown_review_manifest.json,112554
small_production_product,2026-06-20T02:42:58.139062+00:00,/pipeline/xiaoyunao/heliolincrr/review_packages/20260215/20260215_unknown_review_manifest.json,44545
small_production_product,2026-06-20T02:45:07.082086+00:00,/pipeline/xiaoyunao/heliolincrr/review_packages/20260216/20260216_unknown_review_manifest.json,73824
small_production_product,2026-06-20T02:48:36.867362+00:00,/pipeline/xiaoyunao/heliolincrr/review_packages/20260217/20260217_unknown_review_manifest.json,133425
small_production_product,2026-06-20T02:50:47.162879+00:00,/pipeline/xiaoyunao/heliolincrr/review_packages/20260218/20260218_unknown_review_manifest.json,70632
small_production_product,2026-06-20T02:53:14.824456+00:00,/pipeline/xiaoyunao/heliolincrr/review_packages/20260219/20260219_unknown_review_manifest.json,95684
small_production_product,2026-06-20T02:54:30.615489+00:00,/pipeline/xiaoyunao/heliolincrr/review_packages/20260220/20260220_unknown_review_manifest.json,29857
small_production_product,2026-06-20T02:56:10.343712+00:00,/pipeline/xiaoyunao/heliolincrr/review_packages/20260222/20260222_unknown_review_manifest.json,51845
small_production_product,2026-06-20T02:56:21.481114+00:00,/pipeline/xiaoyunao/heliolincrr/review_packages/20260223/20260223_unknown_review_manifest.json,2786
small_production_product,2026-06-20T02:56:26.158182+00:00,/pipeline/xiaoyunao/heliolincrr/review_packages/20260224/20260224_unknown_review_manifest.json,699
small_production_product,2026-06-20T02:56:49.987676+00:00,/pipeline/xiaoyunao/heliolincrr/review_packages/20260303/20260303_unknown_review_manifest.json,10094
small_production_product,2026-06-20T02:57:29.710679+00:00,/pipeline/xiaoyunao/heliolincrr/review_packages/20260306/20260306_unknown_review_manifest.json,10077
small_production_product,2026-06-20T02:58:24.295904+00:00,/pipeline/xiaoyunao/heliolincrr/review_packages/20260308/20260308_unknown_review_manifest.json,16315
small_production_product,2026-06-20T02:58:44.484412+00:00,/pipeline/xiaoyunao/heliolincrr/review_packages/20260309/20260309_unknown_review_manifest.json,9182
small_production_product,2026-06-20T03:00:50.187303+00:00,/pipeline/xiaoyunao/heliolincrr/review_packages/20260310/20260310_unknown_review_manifest.json,91465
small_production_product,2026-06-20T03:02:27.299323+00:00,/pipeline/xiaoyunao/heliolincrr/review_packages/20260311/20260311_unknown_review_manifest.json,72765
small_production_product,2026-06-20T03:02:43.591866+00:00,/pipeline/xiaoyunao/heliolincrr/review_packages/20260315/20260315_unknown_review_manifest.json,5921
small_production_product,2026-06-20T03:03:06.538366+00:00,/pipeline/xiaoyunao/heliolincrr/review_packages/20260316/20260316_unknown_review_manifest.json,17397
small_production_product,2026-06-20T03:03:31.917609+00:00,/pipeline/xiaoyunao/heliolincrr/review_packages/20260318/20260318_unknown_review_manifest.json,19509
small_production_product,2026-06-20T03:04:01.237362+00:00,/pipeline/xiaoyunao/heliolincrr/review_packages/20260330/20260330_unknown_review_manifest.json,10093
small_production_product,2026-06-20T03:04:51.610360+00:00,/pipeline/xiaoyunao/heliolincrr/review_packages/20260331/20260331_unknown_review_manifest.json,29941
small_production_product,2026-06-20T03:05:32.572961+00:00,/pipeline/xiaoyunao/heliolincrr/review_packages/20260401/20260401_unknown_review_manifest.json,20534
small_production_product,2026-06-20T03:06:07.564899+00:00,/pipeline/xiaoyunao/heliolincrr/review_packages/20260403/20260403_unknown_review_manifest.json,16349
small_production_product,2026-06-20T03:06:15.705209+00:00,/pipeline/xiaoyunao/heliolincrr/review_packages/20260404/20260404_unknown_review_manifest.json,2782
small_production_product,2026-06-20T03:06:33.002087+00:00,/pipeline/xiaoyunao/heliolincrr/review_packages/20260405/20260405_unknown_review_manifest.json,7993
small_production_product,2026-06-20T03:07:54.082644+00:00,/pipeline/xiaoyunao/heliolincrr/review_packages/20260406/20260406_unknown_review_manifest.json,64305
small_production_product,2026-06-20T03:09:49.568031+00:00,/pipeline/xiaoyunao/heliolincrr/review_packages/20260407/20260407_unknown_review_manifest.json,103280
small_production_product,2026-06-20T03:10:38.520062+00:00,/pipeline/xiaoyunao/heliolincrr/review_packages/20260410/20260410_unknown_review_manifest.json,29021
small_production_product,2026-06-20T03:10:54.979328+00:00,/pipeline/xiaoyunao/heliolincrr/review_packages/20260411/20260411_unknown_review_manifest.json,7992
small_production_product,2026-06-20T03:10:58.364154+00:00,/pipeline/xiaoyunao/heliolincrr/review_packages/20260412/20260412_unknown_review_manifest.json,699
small_production_product,2026-06-20T03:13:05.861378+00:00,/pipeline/xiaoyunao/heliolincrr/review_packages/20260420/20260420_unknown_review_manifest.json,111461
small_production_product,2026-06-20T03:13:21.822424+00:00,/pipeline/xiaoyunao/heliolincrr/review_packages/20260422/20260422_unknown_review_manifest.json,7993
small_production_product,2026-06-20T03:13:29.970664+00:00,/pipeline/xiaoyunao/heliolincrr/review_packages/20260423/20260423_unknown_review_manifest.json,1743
small_production_product,2026-06-20T03:13:39.896645+00:00,/pipeline/xiaoyunao/heliolincrr/review_packages/20260425/20260425_unknown_review_manifest.json,2784
small_production_product,2026-06-20T03:13:51.127724+00:00,/pipeline/xiaoyunao/heliolincrr/review_packages/20260426/20260426_unknown_review_manifest.json,1743
small_production_product,2026-06-20T03:14:27.116844+00:00,/pipeline/xiaoyunao/heliolincrr/review_packages/20260427/20260427_unknown_review_manifest.json,23654
small_production_product,2026-06-20T03:15:20.024733+00:00,/pipeline/xiaoyunao/heliolincrr/review_packages/20260428/20260428_unknown_review_manifest.json,33073
small_production_product,2026-06-20T03:16:44.214426+00:00,/pipeline/xiaoyunao/heliolincrr/review_packages/20260429/20260429_unknown_review_manifest.json,61249
small_production_product,2026-06-20T03:16:50.274154+00:00,/pipeline/xiaoyunao/heliolincrr/review_packages/20260430/20260430_unknown_review_manifest.json,699
small_production_product,2026-06-20T03:18:16.969693+00:00,/pipeline/xiaoyunao/heliolincrr/review_packages/20260503/20260503_unknown_review_manifest.json,34066
small_production_product,2026-06-20T03:19:22.111671+00:00,/pipeline/xiaoyunao/heliolincrr/review_packages/20260504/20260504_unknown_review_manifest.json,41655
small_production_product,2026-06-20T03:19:56.405502+00:00,/pipeline/xiaoyunao/heliolincrr/review_packages/20260506/20260506_unknown_review_manifest.json,25879
small_production_product,2026-06-20T03:20:38.904720+00:00,/pipeline/xiaoyunao/heliolincrr/review_packages/20260507/20260507_unknown_review_manifest.json,17454
small_production_product,2026-06-20T03:21:25.280972+00:00,/pipeline/xiaoyunao/heliolincrr/review_packages/20260508/20260508_unknown_review_manifest.json,35571
small_production_product,2026-06-20T03:22:37.132225+00:00,/pipeline/xiaoyunao/heliolincrr/review_packages/20260509/20260509_unknown_review_manifest.json,46625
small_production_product,2026-06-20T03:23:18.035614+00:00,/pipeline/xiaoyunao/heliolincrr/review_packages/20260512/20260512_unknown_review_manifest.json,29887
small_production_product,2026-06-20T03:24:42.962998+00:00,/pipeline/xiaoyunao/heliolincrr/review_packages/20260529/20260529_unknown_review_manifest.json,30906
small_production_product,2026-06-20T03:26:22.368693+00:00,/pipeline/xiaoyunao/heliolincrr/review_packages/20260530/20260530_unknown_review_manifest.json,22645
small_production_product,2026-06-20T03:27:05.277261+00:00,/pipeline/xiaoyunao/heliolincrr/review_packages/20260601/20260601_unknown_review_manifest.json,20498
small_production_product,2026-06-20T04:41:57.131372+00:00,/pipeline/xiaoyunao/heliolincrr/review_packages/20260617/20260617_unknown_review_manifest.json,699
small_production_product,2026-06-21T03:53:31.389239+00:00,/pipeline/xiaoyunao/heliolincrr/review_packages/20260620/20260620_unknown_review_manifest.json,20505
small_production_product,2026-07-16T01:04:53.737965+00:00,/pipeline/xiaoyunao/heliolincrr/review_packages/20260715/20260715_unknown_review_manifest.json,699
small_production_product,2026-06-21T01:06:36.438421+00:00,/processed1/20260620/L4/20260620_known_asteroid_status.json,705
small_production_product,2026-07-16T01:02:31.748707+00:00,/processed1/20260715/L4/20260715_known_asteroid_status.json,700
