night,quality_code,unknown_science_included,unknown_mpc_state,tracklet_stage_state,l2_detection_n,mag_flag_prefilter_detection_n,gaia_survivor_n,grouped_gaia_input_detection_n,common_area_survivor_detection_n,edge_shell_survivor_detection_n,static_survivor_detection_n,tracklet_n,link_n,orbit_fit_n,orbit_is_good_n,orbit_fit_non_known_n,orbit_is_good_non_known_n,unknown_n,review_real_n,submit_real_n,audit_initial_n,audit_real_n,night_group,quality_group,postknown_unique_detection_n,retained_unique_detection_n,postknown_membership_n,postknown_unique_tracklet_n,retained_unique_tracklet_n,submission_derived_n,postaudit_derived_n
20251115,quality_ok,True,not_run,missing,10206011,0,0,0,0,0,0,0,0,0,0,0,0,0,0,0,0,0,not_run,included,0,0,0,0,0,0,0
20251116,quality_ok,True,catalog_nonempty,ok,8853251,6340169,241283,241283,241283,205960,101285,4723,383,383,383,11,11,11,0,0,0,0,normal,included,33,0,33,22,0,0,0
20251117,no_strict_raw,True,not_run,missing,0,0,0,0,0,0,0,0,0,0,0,0,0,0,0,0,0,0,not_run,included,0,0,0,0,0,0,0
20251118,quality_ok,True,catalog_nonempty,ok,13012247,9921957,288704,288704,288704,233705,101769,25480,967,967,967,72,72,72,0,0,0,0,normal,included,216,0,216,144,0,0,0
20251119,quality_ok,True,catalog_nonempty,ok,13261806,10465728,362078,360177,360177,298140,105020,9510,1493,1481,1481,64,64,64,0,0,0,0,normal,included,191,0,192,128,0,0,0
20251120,quality_ok,True,catalog_nonempty,ok,18192268,14102400,487839,484649,484649,416787,134159,11198,1120,1098,1098,63,63,63,0,0,0,0,normal,included,186,0,189,126,0,0,0
20251121,quality_ok,True,reply_received,ok,22632479,16924650,544739,544739,544739,458657,157975,15802,2042,2042,2042,104,104,104,1,1,1,1,normal,included,304,3,312,208,2,1,1
20251122,quality_ok,True,catalog_nonempty,ok,7226766,6318637,135418,135418,135418,99803,44333,3259,181,160,160,11,11,11,0,0,0,0,normal,included,33,0,33,22,0,0,0
20251123,quality_ok,True,catalog_nonempty,ok,1726995,1488908,111363,106201,106201,82981,29342,2859,365,365,365,63,63,63,0,0,0,0,normal,included,189,0,189,126,0,0,0
20251124,quality_ok,True,reply_received,ok,2235121,1864824,77978,55709,55709,43408,23119,1996,133,132,132,14,14,14,1,1,1,1,normal,included,42,3,42,28,2,1,1
20251125,quality_ok,True,reply_received,ok,2254570,1987250,107972,95356,95356,74796,35205,3623,241,238,238,20,20,20,2,2,2,2,normal,included,60,6,60,40,4,2,2
20251126,no_strict_raw,True,not_run,missing,0,0,0,0,0,0,0,0,0,0,0,0,0,0,0,0,0,0,not_run,included,0,0,0,0,0,0,0
20251127,quality_ok,True,catalog_nonempty,ok,5605687,4365362,149410,132096,132096,99939,42092,3084,256,256,256,5,5,5,0,0,0,0,normal,included,15,0,15,10,0,0,0
20251128,quality_ok,True,true_zero_catalog,ok,1683756,1461137,56855,47185,47185,34107,22093,1065,33,33,33,0,0,0,0,0,0,0,true_zero_catalog,included,0,0,0,0,0,0,0
20251129,quality_ok,True,catalog_nonempty,ok,1336817,1181926,50226,50023,50023,33657,14979,2262,304,304,304,16,16,16,0,0,0,0,normal,included,47,0,49,33,0,0,0
20251130,quality_ok,True,catalog_nonempty,ok,2043152,1831481,42759,39845,39845,18829,11826,998,56,48,48,1,1,1,0,0,0,0,normal,included,3,0,3,2,0,0,0
20251201,quality_ok,True,true_zero_catalog,zero_groups,1085845,886675,31116,0,0,0,0,0,0,0,0,0,0,0,0,0,0,0,true_zero_catalog,included,0,0,0,0,0,0,0
20251202,quality_ok,True,catalog_nonempty,ok,1296663,1122491,52694,52694,52694,28418,12435,1502,151,151,151,13,13,13,0,0,0,0,normal,included,39,0,39,26,0,0,0
20251203,quality_ok,True,reply_received,ok,7374633,6371155,173737,165833,165833,108869,43078,5049,631,631,631,74,74,74,1,1,1,1,normal,included,221,3,222,148,2,1,1
20251204,quality_ok,True,reply_received,ok,13337485,10921058,153757,153757,153757,88603,51178,5681,352,350,350,32,32,32,3,3,3,3,normal,included,96,9,96,64,6,3,3
20251205,quality_ok,True,catalog_nonempty,ok,7883884,6815197,107047,106557,106557,54720,35873,2649,195,190,190,19,19,19,0,0,0,0,normal,included,57,0,57,38,0,0,0
20251206,quality_ok,True,catalog_nonempty,ok,4005203,3505405,141363,131475,131475,97320,36503,4818,759,759,759,41,41,41,0,0,0,0,normal,included,123,0,123,82,0,0,0
20251207,quality_ok,True,reply_received,ok,6982428,5950354,244568,242195,242195,202782,85060,17171,1367,1367,1367,111,111,111,2,2,2,2,normal,included,330,6,333,222,4,2,2
20251208,quality_ok,True,reply_received,ok,7606506,6555617,235704,204900,204900,167394,49943,7613,1185,1185,1185,46,46,46,3,3,3,3,normal,included,136,9,138,92,6,3,3
20251209,quality_ok,True,reply_received,ok,14713968,12090940,234816,231987,231987,179669,68214,8115,1257,1257,1257,82,82,82,1,1,1,1,normal,included,246,3,246,164,2,1,1
20251210,quality_ok,True,catalog_nonempty,ok,17123868,13157512,290975,284065,284065,237599,83068,8437,1426,1426,1426,69,69,69,0,0,0,0,normal,included,207,0,207,138,0,0,0
20251211,no_strict_raw,True,not_run,missing,0,0,0,0,0,0,0,0,0,0,0,0,0,0,0,0,0,0,not_run,included,0,0,0,0,0,0,0
20251212,no_strict_raw,True,not_run,missing,0,0,0,0,0,0,0,0,0,0,0,0,0,0,0,0,0,0,not_run,included,0,0,0,0,0,0,0
20251213,quality_ok,True,catalog_nonempty,ok,12344249,9697730,199492,134994,134994,108909,48709,4711,730,730,730,43,43,43,0,0,0,0,normal,included,128,0,129,86,0,0,0
20251214,quality_ok,True,reply_received,ok,7171393,6128690,171444,170057,170057,142801,51821,6517,1317,1317,1317,51,51,51,1,1,1,1,normal,included,152,3,153,102,2,1,1
20251215,quality_ok,True,reply_received,ok,14505138,11870937,292635,284145,284145,235277,81289,10405,1893,1893,1893,128,128,128,1,1,1,1,normal,included,383,3,384,256,2,1,1
20251216,quality_ok,True,reply_received,ok,18520078,14021692,304451,273015,273015,224338,85130,9600,1706,1706,1706,106,106,106,1,1,1,1,normal,included,317,3,318,212,2,1,1
20251217,quality_ok,True,reply_received,ok,16172637,12907976,305804,301948,301948,255694,86798,9985,1193,1193,1193,47,47,47,3,3,3,3,normal,included,140,9,141,94,6,3,3
20251218,no_strict_raw,True,not_run,missing,0,0,0,0,0,0,0,0,0,0,0,0,0,0,0,0,0,0,not_run,included,0,0,0,0,0,0,0
20251219,no_strict_raw,True,not_run,missing,0,0,0,0,0,0,0,0,0,0,0,0,0,0,0,0,0,0,not_run,included,0,0,0,0,0,0,0
20251220,quality_ok,True,catalog_nonempty,ok,19569073,15047337,448723,385239,385239,336709,105361,8130,1252,1252,1252,20,20,20,0,0,0,0,normal,included,57,0,60,40,0,0,0
20251221,quality_ok,True,catalog_nonempty,ok,2988451,2650373,187004,177835,177835,151645,47724,3567,316,316,316,38,38,38,0,0,0,0,normal,included,113,0,114,76,0,0,0
20251222,no_strict_raw,True,not_run,missing,0,0,0,0,0,0,0,0,0,0,0,0,0,0,0,0,0,0,not_run,included,0,0,0,0,0,0,0
20251223,quality_ok,True,catalog_nonempty,ok,11584908,9287876,305166,254799,254799,224111,68190,7239,1470,1470,1470,53,53,53,0,0,0,0,normal,included,159,0,159,106,0,0,0
20251224,no_strict_raw,True,not_run,missing,0,0,0,0,0,0,0,0,0,0,0,0,0,0,0,0,0,0,not_run,included,0,0,0,0,0,0,0
20251225,quality_ok,True,catalog_nonempty,ok,11138005,8836770,345379,313281,313281,281758,79494,7314,841,841,841,67,67,67,0,0,0,0,normal,included,201,0,201,134,0,0,0
20251226,quarantine_unknown,False,not_run,ok,20801100,16577719,556160,554412,554412,481608,132490,111933,1807,1774,1663,366,276,0,0,0,0,0,quarantine,unknown_quarantine,0,0,0,0,0,0,0
20251227,quality_ok,True,catalog_nonempty,ok,10698408,9132437,387627,377177,377177,320640,94139,8409,1184,1183,1183,38,38,38,0,0,0,0,normal,included,113,0,114,76,0,0,0
20251228,quality_ok,True,catalog_nonempty,ok,11140498,9664567,499068,499068,499068,439639,114814,14391,1977,1977,1977,181,181,181,0,0,0,0,normal,included,533,0,544,363,0,0,0
20251229,quality_ok,True,catalog_nonempty,ok,10478372,9004484,456607,456607,456607,391519,103280,12279,1929,1905,1905,75,75,75,0,0,0,0,normal,included,223,0,225,150,0,0,0
20251230,quality_ok,True,catalog_nonempty,ok,7374585,6268872,209375,197515,197515,147252,58273,7945,634,634,634,84,84,84,0,0,0,0,normal,included,248,0,252,168,0,0,0
20251231,quality_ok,True,catalog_nonempty,ok,5321468,4680622,196518,182120,182120,135428,53815,6130,517,516,516,41,41,41,0,0,0,0,normal,included,122,0,123,82,0,0,0
20260101,quality_ok,True,catalog_nonempty,ok,3765124,3337556,138792,124306,124306,83526,33674,3768,431,429,429,30,30,30,0,0,0,0,normal,included,90,0,90,60,0,0,0
20260102,quality_ok,True,catalog_nonempty,ok,5620289,4873271,147349,134543,134543,77584,43097,5967,448,441,441,43,43,43,0,0,0,0,normal,included,128,0,129,86,0,0,0
20260103,quality_ok,True,reply_received,ok,1058992,936585,31948,26044,26044,16871,9038,718,79,74,74,1,1,1,1,1,1,1,normal,included,3,3,3,2,2,1,1
20260104,quality_ok,True,catalog_nonempty,ok,9138950,7915128,208870,208870,208870,149931,60339,9325,800,800,800,64,64,64,0,0,0,0,normal,included,188,0,192,128,0,0,0
20260105,quality_ok,True,catalog_nonempty,ok,7901691,6768905,209516,199599,199599,156836,63219,10777,499,480,480,42,42,42,0,0,0,0,normal,included,126,0,126,84,0,0,0
20260106,quality_ok,True,catalog_nonempty,ok,10102058,7948666,217315,206144,206144,168057,100530,10270,496,496,496,60,60,60,0,0,0,0,normal,included,176,0,180,120,0,0,0
20260107,quality_ok,True,catalog_nonempty,ok,17049861,13654541,253970,248547,248547,179805,70567,8587,1287,1287,1287,79,79,79,0,0,0,0,normal,included,232,0,237,158,0,0,0
20260108,quality_ok,True,catalog_nonempty,ok,14012972,10456250,119399,118858,118858,89037,51054,3581,468,468,468,27,27,27,0,0,0,0,normal,included,80,0,81,54,0,0,0
20260109,quality_ok,True,catalog_nonempty,ok,6644058,5195164,166894,151591,151591,123285,55259,3796,353,353,353,17,17,17,0,0,0,0,normal,included,50,0,51,34,0,0,0
20260110,quality_ok,True,catalog_nonempty,ok,17637535,13001993,194053,188117,188117,152310,79150,6219,547,547,547,29,29,29,0,0,0,0,normal,included,84,0,87,58,0,0,0
20260111,excluded_primary,False,not_run,ok,18373862,12707278,251018,238382,238382,205126,105722,7671,378,378,378,378,378,0,0,0,0,0,excluded,primary_excluded,0,0,0,0,0,0,0
20260112,quality_ok,True,reply_received,ok,25198482,17318321,152433,143082,143082,107016,56572,5048,441,440,440,17,17,17,1,1,1,1,normal,included,50,3,51,34,2,1,1
20260113,no_strict_raw,True,not_run,missing,0,0,0,0,0,0,0,0,0,0,0,0,0,0,0,0,0,0,not_run,included,0,0,0,0,0,0,0
20260114,quality_ok,True,catalog_nonempty,ok,27151322,19567928,386663,358506,358506,307372,103087,10163,1160,1160,1160,62,62,62,0,0,0,0,normal,included,185,0,186,124,0,0,0
20260115,quality_ok,True,catalog_nonempty,ok,24343560,18549808,228104,203907,203907,149318,80985,4889,591,591,591,47,47,47,0,0,0,0,normal,included,140,0,141,94,0,0,0
20260116,quality_ok,True,catalog_nonempty,ok,13374587,9981136,290699,274643,274643,232354,83376,6484,666,645,645,41,41,41,0,0,0,0,normal,included,121,0,123,82,0,0,0
20260117,quality_ok,True,catalog_nonempty,ok,4162844,3737869,81796,81796,81796,55282,23218,2496,286,278,278,22,22,22,0,0,0,0,normal,included,66,0,66,44,0,0,0
20260118,no_strict_raw,True,not_run,missing,0,0,0,0,0,0,0,0,0,0,0,0,0,0,0,0,0,0,not_run,included,0,0,0,0,0,0,0
20260119,quality_ok,True,catalog_nonempty,ok,11195025,8596056,271248,165904,165904,135624,63710,3019,76,75,75,4,4,4,0,0,0,0,normal,included,12,0,12,8,0,0,0
20260120,quality_ok,True,catalog_nonempty,ok,14768533,11320409,373090,248247,248247,212438,74316,3821,290,280,280,11,11,11,0,0,0,0,normal,included,33,0,33,22,0,0,0
20260121,quality_ok,True,catalog_nonempty,ok,17456261,13039018,476264,459913,459913,406304,109528,9635,1327,1289,1289,65,65,65,0,0,0,0,normal,included,194,0,195,130,0,0,0
20260122,quality_ok,True,catalog_nonempty,ok,13621391,10987079,503199,485691,485691,431246,116765,10944,1234,1199,1199,49,49,49,0,0,0,0,normal,included,144,0,147,98,0,0,0
20260123,quality_ok,True,catalog_nonempty,ok,15241157,12163062,455634,437556,437556,380889,108359,9685,1200,1163,1163,36,36,36,0,0,0,0,normal,included,107,0,108,72,0,0,0
20260124,quality_ok,True,catalog_nonempty,ok,33372891,23649678,348747,347510,347510,281547,107853,8699,926,926,926,45,45,45,0,0,0,0,normal,included,135,0,135,90,0,0,0
20260125,no_strict_raw,True,not_run,missing,0,0,0,0,0,0,0,0,0,0,0,0,0,0,0,0,0,0,not_run,included,0,0,0,0,0,0,0
20260126,quality_ok,True,catalog_nonempty,ok,16900766,13538603,457719,424637,424637,362449,90292,10141,1279,1279,1279,55,55,55,0,0,0,0,normal,included,157,0,165,110,0,0,0
20260127,quality_ok,True,catalog_nonempty,ok,10097690,8101829,119972,111062,111062,69215,37648,3370,186,185,185,4,4,4,0,0,0,0,normal,included,12,0,12,8,0,0,0
20260128,quality_ok,True,true_zero_catalog,ok,2230668,1868170,9896,2869,2869,1261,1022,27,0,0,0,0,0,0,0,0,0,0,true_zero_catalog,included,0,0,0,0,0,0,0
20260129,quality_ok,True,catalog_nonempty,ok,9236465,7790218,77194,74110,74110,39525,25961,3126,209,209,209,18,18,18,0,0,0,0,normal,included,54,0,54,36,0,0,0
20260130,no_strict_raw,True,not_run,missing,0,0,0,0,0,0,0,0,0,0,0,0,0,0,0,0,0,0,not_run,included,0,0,0,0,0,0,0
20260131,quality_ok,True,catalog_nonempty,ok,3867489,3421184,108144,92998,92998,62619,24417,2271,222,213,213,6,6,6,0,0,0,0,normal,included,18,0,18,12,0,0,0
20260201,quality_ok,True,catalog_nonempty,ok,2835825,2402179,77053,54052,54052,29957,18837,3044,134,134,134,17,17,17,0,0,0,0,normal,included,51,0,51,34,0,0,0
20260202,quality_ok,True,catalog_nonempty,ok,11097611,9318742,149573,149573,149573,86405,49561,7525,520,517,517,54,54,54,0,0,0,0,normal,included,162,0,162,108,0,0,0
20260203,no_strict_raw,True,not_run,missing,0,0,0,0,0,0,0,0,0,0,0,0,0,0,0,0,0,0,not_run,included,0,0,0,0,0,0,0
20260204,no_strict_raw,True,not_run,missing,0,0,0,0,0,0,0,0,0,0,0,0,0,0,0,0,0,0,not_run,included,0,0,0,0,0,0,0
20260205,quality_ok,True,reply_received,ok,18586281,12368743,200034,196820,196820,163570,80090,3764,178,178,178,14,14,14,2,2,2,2,normal,included,42,6,42,28,4,2,2
20260206,quality_ok,True,reply_received,ok,19172615,12824726,168323,166529,166529,135761,60016,3273,299,299,299,14,14,14,1,1,1,1,normal,included,42,3,42,28,2,1,1
20260207,quality_ok,True,reply_received,ok,24646506,17316845,341774,332691,332691,277948,100681,8024,977,977,977,51,51,51,6,6,6,6,normal,included,151,18,153,102,12,6,6
20260208,quality_ok,True,reply_received,ok,25541084,18499389,447849,435793,435793,377015,121779,11307,1504,1504,1504,92,92,92,3,3,3,3,normal,included,276,9,276,184,6,3,3
20260209,raw_without_l2;l2_missing,True,not_run,missing,0,0,0,0,0,0,0,0,0,0,0,0,0,0,0,0,0,0,not_run,included,0,0,0,0,0,0,0
20260210,quality_ok,True,reply_received,ok,7109665,5766996,159392,157784,157784,139189,38330,3874,567,567,567,23,23,23,1,1,1,1,normal,included,69,3,69,46,2,1,1
20260211,quality_ok,True,catalog_nonempty,ok,11425336,9648030,455023,447769,447769,399690,104229,10268,1559,1559,1559,81,81,81,0,0,0,0,normal,included,242,0,243,162,0,0,0
20260212,quality_ok,True,catalog_nonempty,ok,6269386,5470164,267395,265043,265043,234719,87545,4229,169,169,169,15,15,15,0,0,0,0,normal,included,45,0,45,30,0,0,0
20260213,quality_ok,True,reply_received,ok,10576362,9152209,365127,350668,350668,309311,85170,9498,1596,1596,1596,107,107,107,1,1,1,1,normal,included,321,3,321,214,2,1,1
20260214,no_strict_raw,True,not_run,missing,0,0,0,0,0,0,0,0,0,0,0,0,0,0,0,0,0,0,not_run,included,0,0,0,0,0,0,0
20260215,quality_ok,True,catalog_nonempty,ok,8505597,7545039,345908,321627,321627,276482,80905,7805,1129,1129,1129,42,42,42,0,0,0,0,normal,included,126,0,126,84,0,0,0
20260216,quality_ok,True,reply_received,ok,10785717,9395685,610845,569069,569069,515496,132858,14003,2183,2183,2183,70,70,70,2,2,2,2,normal,included,206,6,210,140,4,2,2
20260217,quality_ok,True,catalog_nonempty,ok,10198530,9033516,513091,503204,503204,452276,125921,12545,1832,1832,1832,127,127,127,0,0,0,0,normal,included,380,0,381,254,0,0,0
20260218,quality_ok,True,catalog_nonempty,ok,16515945,12601777,508827,473993,473993,418585,118417,11004,1520,1502,1502,67,67,67,0,0,0,0,normal,included,200,0,201,134,0,0,0
20260219,quality_ok,True,catalog_nonempty,ok,6196488,5474758,228444,211124,211124,180155,55660,6256,942,942,942,91,91,91,0,0,0,0,normal,included,273,0,273,182,0,0,0
20260220,quality_ok,True,catalog_nonempty,ok,14539462,12218632,226113,211140,211140,160119,75080,5546,571,558,558,28,28,28,0,0,0,0,normal,included,84,0,84,56,0,0,0
20260221,no_strict_raw,True,not_run,missing,0,0,0,0,0,0,0,0,0,0,0,0,0,0,0,0,0,0,not_run,included,0,0,0,0,0,0,0
20260222,quality_ok,True,catalog_nonempty,ok,14557859,11683846,491640,412103,412103,364598,95027,8141,1295,1295,1295,49,49,49,0,0,0,0,normal,included,145,0,147,98,0,0,0
20260223,quality_ok,True,catalog_nonempty,ok,1294699,1159501,115756,74965,74965,70017,17427,1436,284,284,284,2,2,2,0,0,0,0,normal,included,6,0,6,4,0,0,0
20260224,quality_ok,True,true_zero_catalog,ok,735211,669087,11608,9198,9198,5024,3171,303,0,0,0,0,0,0,0,0,0,0,true_zero_catalog,included,0,0,0,0,0,0,0
20260225,no_strict_raw,True,not_run,missing,0,0,0,0,0,0,0,0,0,0,0,0,0,0,0,0,0,0,not_run,included,0,0,0,0,0,0,0
20260226,no_strict_raw,True,not_run,missing,0,0,0,0,0,0,0,0,0,0,0,0,0,0,0,0,0,0,not_run,included,0,0,0,0,0,0,0
20260227,no_strict_raw,True,not_run,missing,0,0,0,0,0,0,0,0,0,0,0,0,0,0,0,0,0,0,not_run,included,0,0,0,0,0,0,0
20260228,no_strict_raw,True,not_run,missing,0,0,0,0,0,0,0,0,0,0,0,0,0,0,0,0,0,0,not_run,included,0,0,0,0,0,0,0
20260301,no_strict_raw,True,not_run,missing,0,0,0,0,0,0,0,0,0,0,0,0,0,0,0,0,0,0,not_run,included,0,0,0,0,0,0,0
20260302,no_strict_raw,True,not_run,missing,0,0,0,0,0,0,0,0,0,0,0,0,0,0,0,0,0,0,not_run,included,0,0,0,0,0,0,0
20260303,quality_ok,True,catalog_nonempty,ok,3605888,3178489,86565,85120,85120,56795,25833,2807,261,261,261,9,9,9,0,0,0,0,normal,included,27,0,27,18,0,0,0
20260304,no_strict_raw,True,not_run,missing,0,0,0,0,0,0,0,0,0,0,0,0,0,0,0,0,0,0,not_run,included,0,0,0,0,0,0,0
20260305,no_strict_raw,True,not_run,missing,0,0,0,0,0,0,0,0,0,0,0,0,0,0,0,0,0,0,not_run,included,0,0,0,0,0,0,0
20260306,quality_ok,True,catalog_nonempty,ok,16385534,12604777,146657,135516,135516,98230,45399,3297,235,232,232,9,9,9,0,0,0,0,normal,included,27,0,27,18,0,0,0
20260307,no_strict_raw,True,not_run,missing,0,0,0,0,0,0,0,0,0,0,0,0,0,0,0,0,0,0,not_run,included,0,0,0,0,0,0,0
20260308,quality_ok,True,catalog_nonempty,ok,11821656,8975526,131852,123140,123140,91994,39687,3198,242,240,240,15,15,15,0,0,0,0,normal,included,44,0,45,30,0,0,0
20260309,quality_ok,True,reply_received,ok,1645796,1504673,50853,50853,50853,32354,13395,1424,216,216,216,8,8,8,1,1,1,1,normal,included,25,4,25,17,3,1,1
20260310,quality_ok,True,reply_received,ok,8284844,7411500,382516,377035,377035,328288,92717,9213,1360,1360,1360,87,87,87,2,2,2,2,normal,included,251,6,261,174,4,2,2
20260311,quality_ok,True,reply_received,ok,6817646,6058225,350829,350829,350829,310847,86773,9031,1367,1367,1367,69,69,69,1,1,1,1,normal,included,206,3,207,138,2,1,1
20260312,raw_without_l2;l2_missing,True,not_run,missing,0,0,0,0,0,0,0,0,0,0,0,0,0,0,0,0,0,0,not_run,included,0,0,0,0,0,0,0
20260313,no_strict_raw,True,not_run,missing,0,0,0,0,0,0,0,0,0,0,0,0,0,0,0,0,0,0,not_run,included,0,0,0,0,0,0,0
20260314,no_strict_raw,True,not_run,missing,0,0,0,0,0,0,0,0,0,0,0,0,0,0,0,0,0,0,not_run,included,0,0,0,0,0,0,0
20260315,quality_ok,True,catalog_nonempty,ok,1259275,1139466,81666,79843,79843,67388,25293,2167,311,311,311,5,5,5,0,0,0,0,normal,included,15,0,15,10,0,0,0
20260316,quality_ok,True,catalog_nonempty,ok,1498680,1360582,96775,82106,82106,68168,24456,2335,380,380,380,16,16,16,0,0,0,0,normal,included,48,0,48,32,0,0,0
20260317,no_strict_raw,True,not_run,missing,0,0,0,0,0,0,0,0,0,0,0,0,0,0,0,0,0,0,not_run,included,0,0,0,0,0,0,0
20260318,quality_ok,True,catalog_nonempty,ok,1271043,1155837,159795,135918,135918,126334,28060,3472,647,647,647,18,18,18,0,0,0,0,normal,included,54,0,54,36,0,0,0
20260319,no_strict_raw,True,not_run,missing,0,0,0,0,0,0,0,0,0,0,0,0,0,0,0,0,0,0,not_run,included,0,0,0,0,0,0,0
20260320,no_strict_raw,True,not_run,missing,0,0,0,0,0,0,0,0,0,0,0,0,0,0,0,0,0,0,not_run,included,0,0,0,0,0,0,0
20260321,no_strict_raw,True,not_run,missing,0,0,0,0,0,0,0,0,0,0,0,0,0,0,0,0,0,0,not_run,included,0,0,0,0,0,0,0
20260322,no_strict_raw,True,not_run,missing,0,0,0,0,0,0,0,0,0,0,0,0,0,0,0,0,0,0,not_run,included,0,0,0,0,0,0,0
20260323,no_strict_raw,True,not_run,missing,0,0,0,0,0,0,0,0,0,0,0,0,0,0,0,0,0,0,not_run,included,0,0,0,0,0,0,0
20260324,no_strict_raw,True,not_run,missing,0,0,0,0,0,0,0,0,0,0,0,0,0,0,0,0,0,0,not_run,included,0,0,0,0,0,0,0
20260325,no_strict_raw,True,not_run,missing,0,0,0,0,0,0,0,0,0,0,0,0,0,0,0,0,0,0,not_run,included,0,0,0,0,0,0,0
20260326,no_strict_raw,True,not_run,missing,0,0,0,0,0,0,0,0,0,0,0,0,0,0,0,0,0,0,not_run,included,0,0,0,0,0,0,0
20260327,no_strict_raw,True,not_run,missing,0,0,0,0,0,0,0,0,0,0,0,0,0,0,0,0,0,0,not_run,included,0,0,0,0,0,0,0
20260328,no_strict_raw,True,not_run,missing,0,0,0,0,0,0,0,0,0,0,0,0,0,0,0,0,0,0,not_run,included,0,0,0,0,0,0,0
20260329,no_strict_raw,True,not_run,missing,0,0,0,0,0,0,0,0,0,0,0,0,0,0,0,0,0,0,not_run,included,0,0,0,0,0,0,0
20260330,quality_ok,True,catalog_nonempty,ok,5742076,5032449,60075,56198,56198,25404,18576,1378,173,173,173,9,9,9,0,0,0,0,normal,included,27,0,27,18,0,0,0
20260331,quality_ok,True,catalog_nonempty,ok,4620882,4076682,73104,73104,73104,34692,19660,2657,250,250,250,28,28,28,0,0,0,0,normal,included,84,0,84,56,0,0,0
20260401,quality_ok,True,catalog_nonempty,ok,4329214,3854787,64324,64324,64324,30173,18695,1789,188,188,188,19,19,19,0,0,0,0,normal,included,53,0,57,38,0,0,0
20260402,no_strict_raw,True,not_run,missing,0,0,0,0,0,0,0,0,0,0,0,0,0,0,0,0,0,0,not_run,included,0,0,0,0,0,0,0
20260403,quality_ok,True,catalog_nonempty,ok,7349508,6343801,90443,79980,79980,52495,26527,2068,302,302,302,15,15,15,0,0,0,0,normal,included,45,0,45,30,0,0,0
20260404,quality_ok,True,catalog_nonempty,ok,849532,777468,29628,29009,29009,21627,7096,729,117,117,117,2,2,2,0,0,0,0,normal,included,6,0,6,4,0,0,0
20260405,quality_ok,True,catalog_nonempty,ok,1715710,1546641,136671,136671,136671,124149,36830,2427,303,303,303,7,7,7,0,0,0,0,normal,included,21,0,21,14,0,0,0
20260406,quality_ok,True,catalog_nonempty,ok,5050742,4592701,393293,393293,393293,348686,84835,8815,1491,1491,1491,61,61,61,0,0,0,0,normal,included,182,0,183,122,0,0,0
20260407,quality_ok,True,reply_received,ok,5271162,4766943,381625,381625,381625,336964,78948,9674,1470,1470,1470,98,98,98,2,2,2,2,normal,included,292,6,296,198,4,2,2
20260408,no_strict_raw,True,not_run,missing,0,0,0,0,0,0,0,0,0,0,0,0,0,0,0,0,0,0,not_run,included,0,0,0,0,0,0,0
20260409,no_strict_raw,True,not_run,missing,0,0,0,0,0,0,0,0,0,0,0,0,0,0,0,0,0,0,not_run,included,0,0,0,0,0,0,0
20260410,quality_ok,True,reply_received,ok,4373816,3953399,285772,259904,259904,237790,58066,6385,1151,1151,1151,27,27,27,3,3,3,3,normal,included,81,10,82,55,7,3,3
20260411,quality_ok,True,catalog_nonempty,ok,1344242,1221502,63120,62521,62521,48338,16323,1496,168,168,168,7,7,7,0,0,0,0,normal,included,21,0,21,14,0,0,0
20260412,quality_ok,True,true_zero_catalog,ok,285902,263711,7466,2563,2563,1671,1641,7,0,0,0,0,0,0,0,0,0,0,true_zero_catalog,included,0,0,0,0,0,0,0
20260413,raw_without_l2;l2_missing,True,not_run,missing,0,0,0,0,0,0,0,0,0,0,0,0,0,0,0,0,0,0,not_run,included,0,0,0,0,0,0,0
20260414,quality_ok,True,not_run,missing,978906,0,0,0,0,0,0,0,0,0,0,0,0,0,0,0,0,0,not_run,included,0,0,0,0,0,0,0
20260415,no_strict_raw,True,not_run,missing,0,0,0,0,0,0,0,0,0,0,0,0,0,0,0,0,0,0,not_run,included,0,0,0,0,0,0,0
20260416,no_strict_raw,True,not_run,missing,0,0,0,0,0,0,0,0,0,0,0,0,0,0,0,0,0,0,not_run,included,0,0,0,0,0,0,0
20260417,no_strict_raw,True,not_run,missing,0,0,0,0,0,0,0,0,0,0,0,0,0,0,0,0,0,0,not_run,included,0,0,0,0,0,0,0
20260418,no_strict_raw,True,not_run,missing,0,0,0,0,0,0,0,0,0,0,0,0,0,0,0,0,0,0,not_run,included,0,0,0,0,0,0,0
20260419,no_strict_raw,True,not_run,missing,0,0,0,0,0,0,0,0,0,0,0,0,0,0,0,0,0,0,not_run,included,0,0,0,0,0,0,0
20260420,quality_ok,True,reply_received,ok,5301856,4807851,403928,403599,403599,360536,96693,10746,1750,1750,1750,106,106,106,1,1,1,1,normal,included,315,3,319,213,2,1,1
20260421,no_strict_raw,True,not_run,missing,0,0,0,0,0,0,0,0,0,0,0,0,0,0,0,0,0,0,not_run,included,0,0,0,0,0,0,0
20260422,quality_ok,True,reply_received,ok,907458,810974,60940,56825,56825,48045,13510,1315,220,220,220,7,7,7,1,1,1,1,normal,included,20,3,21,14,2,1,1
20260423,quality_ok,True,catalog_nonempty,ok,795442,633230,28082,22825,22825,18389,7363,627,118,118,118,1,1,1,0,0,0,0,normal,included,3,0,3,2,0,0,0
20260424,no_strict_raw,True,not_run,missing,0,0,0,0,0,0,0,0,0,0,0,0,0,0,0,0,0,0,not_run,included,0,0,0,0,0,0,0
20260425,quality_ok,True,catalog_nonempty,ok,654126,565395,22802,19881,19881,8760,5814,456,53,53,53,2,2,2,0,0,0,0,normal,included,6,0,6,4,0,0,0
20260426,quality_ok,True,catalog_nonempty,ok,2214168,1949086,38231,38043,38043,21244,12664,884,103,94,94,1,1,1,0,0,0,0,normal,included,3,0,3,2,0,0,0
20260427,quality_ok,True,catalog_nonempty,ok,3079164,2774996,95300,89711,89711,58941,21411,3244,459,459,459,22,22,22,0,0,0,0,normal,included,66,0,66,44,0,0,0
20260428,quality_ok,True,catalog_nonempty,ok,5359247,4820061,131598,131329,131329,85633,31751,4598,623,614,614,31,31,31,0,0,0,0,normal,included,90,0,93,62,0,0,0
20260429,quality_ok,True,catalog_nonempty,ok,6128659,5295523,112282,109391,109391,74668,35964,4282,457,457,457,58,58,58,0,0,0,0,normal,included,167,0,174,116,0,0,0
20260430,quality_ok,True,true_zero_catalog,ok,306575,266952,10387,7156,7156,3879,3140,83,7,7,7,0,0,0,0,0,0,0,true_zero_catalog,included,0,0,0,0,0,0,0
20260501,no_strict_raw,True,not_run,missing,0,0,0,0,0,0,0,0,0,0,0,0,0,0,0,0,0,0,not_run,included,0,0,0,0,0,0,0
20260502,no_strict_raw,True,not_run,missing,0,0,0,0,0,0,0,0,0,0,0,0,0,0,0,0,0,0,not_run,included,0,0,0,0,0,0,0
20260503,quality_ok,True,reply_received,ok,29404618,14001360,1025703,1016836,1016836,968366,841513,5213,508,507,507,32,32,32,1,1,1,1,normal,included,95,3,96,64,2,1,1
20260504,quality_ok,True,catalog_nonempty,ok,7050089,5998285,167924,165868,165868,132636,49509,4704,641,638,638,39,39,39,0,0,0,0,normal,included,118,0,119,80,0,0,0
20260505,no_strict_raw,True,not_run,missing,0,0,0,0,0,0,0,0,0,0,0,0,0,0,0,0,0,0,not_run,included,0,0,0,0,0,0,0
20260506,quality_ok,True,catalog_nonempty,ok,2233352,2019756,79607,79607,79607,64366,24692,2181,340,340,340,24,24,24,0,0,0,0,normal,included,73,0,73,49,0,0,0
20260507,quality_ok,True,catalog_nonempty,ok,4129842,3693016,114267,92050,92050,76062,26614,2360,216,216,216,16,16,16,1,0,0,0,normal,included,48,0,48,32,0,0,0
20260508,quality_ok,True,reply_received,ok,2811099,2526186,191538,191538,191538,168618,44933,4009,497,497,497,33,33,33,1,1,1,1,normal,included,101,6,102,69,5,1,1
20260509,quality_ok,True,reply_received,ok,5388202,4844230,129494,129494,129494,106347,31288,4605,598,598,598,44,44,44,2,2,2,2,normal,included,130,6,132,88,4,2,2
20260510,no_strict_raw,True,not_run,missing,0,0,0,0,0,0,0,0,0,0,0,0,0,0,0,0,0,0,not_run,included,0,0,0,0,0,0,0
20260511,no_strict_raw,True,not_run,missing,0,0,0,0,0,0,0,0,0,0,0,0,0,0,0,0,0,0,not_run,included,0,0,0,0,0,0,0
20260512,quality_ok,True,reply_received,ok,2710230,2395526,106562,104421,104421,82929,27771,2981,382,382,382,28,28,28,1,1,1,1,normal,included,83,3,84,56,2,1,1
20260513,no_strict_raw,True,not_run,missing,0,0,0,0,0,0,0,0,0,0,0,0,0,0,0,0,0,0,not_run,included,0,0,0,0,0,0,0
20260514,no_strict_raw,True,not_run,missing,0,0,0,0,0,0,0,0,0,0,0,0,0,0,0,0,0,0,not_run,included,0,0,0,0,0,0,0
20260515,no_strict_raw,True,not_run,missing,0,0,0,0,0,0,0,0,0,0,0,0,0,0,0,0,0,0,not_run,included,0,0,0,0,0,0,0
20260516,no_strict_raw,True,not_run,missing,0,0,0,0,0,0,0,0,0,0,0,0,0,0,0,0,0,0,not_run,included,0,0,0,0,0,0,0
20260517,no_strict_raw,True,not_run,missing,0,0,0,0,0,0,0,0,0,0,0,0,0,0,0,0,0,0,not_run,included,0,0,0,0,0,0,0
20260518,no_strict_raw,True,not_run,missing,0,0,0,0,0,0,0,0,0,0,0,0,0,0,0,0,0,0,not_run,included,0,0,0,0,0,0,0
20260519,no_strict_raw,True,not_run,missing,0,0,0,0,0,0,0,0,0,0,0,0,0,0,0,0,0,0,not_run,included,0,0,0,0,0,0,0
20260520,no_strict_raw,True,not_run,missing,0,0,0,0,0,0,0,0,0,0,0,0,0,0,0,0,0,0,not_run,included,0,0,0,0,0,0,0
20260521,no_strict_raw,True,not_run,missing,0,0,0,0,0,0,0,0,0,0,0,0,0,0,0,0,0,0,not_run,included,0,0,0,0,0,0,0
20260522,no_strict_raw,True,not_run,missing,0,0,0,0,0,0,0,0,0,0,0,0,0,0,0,0,0,0,not_run,included,0,0,0,0,0,0,0
20260523,no_strict_raw,True,not_run,missing,0,0,0,0,0,0,0,0,0,0,0,0,0,0,0,0,0,0,not_run,included,0,0,0,0,0,0,0
20260524,no_strict_raw,True,not_run,missing,0,0,0,0,0,0,0,0,0,0,0,0,0,0,0,0,0,0,not_run,included,0,0,0,0,0,0,0
20260525,no_strict_raw,True,not_run,missing,0,0,0,0,0,0,0,0,0,0,0,0,0,0,0,0,0,0,not_run,included,0,0,0,0,0,0,0
20260526,no_strict_raw,True,not_run,missing,0,0,0,0,0,0,0,0,0,0,0,0,0,0,0,0,0,0,not_run,included,0,0,0,0,0,0,0
20260527,no_strict_raw,True,not_run,missing,0,0,0,0,0,0,0,0,0,0,0,0,0,0,0,0,0,0,not_run,included,0,0,0,0,0,0,0
20260528,quarantine_unknown,False,not_run,ok,23282034,15808312,223228,222095,222095,180439,132209,92792,1170,1170,1170,926,926,0,0,0,0,0,quarantine,unknown_quarantine,0,0,0,0,0,0,0
20260529,quality_ok,True,reply_received,ok,21393694,13423598,266645,264629,264629,226205,119873,4545,183,183,183,29,29,29,7,7,7,0,normal,included,87,0,87,58,0,7,0
20260530,quality_ok,True,reply_received,ok,17807717,9716673,331442,329192,329192,299915,163712,7098,115,115,115,21,21,21,4,4,4,2,normal,included,63,6,63,42,4,4,2
20260531,no_strict_raw,True,not_run,missing,0,0,0,0,0,0,0,0,0,0,0,0,0,0,0,0,0,0,not_run,included,0,0,0,0,0,0,0
20260601,quality_ok,True,reply_received,ok,5289813,4661881,72657,72334,72334,47455,25189,2352,236,236,236,19,19,19,2,2,2,2,normal,included,57,6,57,38,4,2,2
20260602,no_strict_raw,True,not_run,missing,0,0,0,0,0,0,0,0,0,0,0,0,0,0,0,0,0,0,not_run,included,0,0,0,0,0,0,0
20260603,no_strict_raw,True,not_run,missing,0,0,0,0,0,0,0,0,0,0,0,0,0,0,0,0,0,0,not_run,included,0,0,0,0,0,0,0
20260604,no_strict_raw,True,not_run,missing,0,0,0,0,0,0,0,0,0,0,0,0,0,0,0,0,0,0,not_run,included,0,0,0,0,0,0,0
20260605,quality_ok,True,not_run,missing,789,0,0,0,0,0,0,0,0,0,0,0,0,0,0,0,0,0,not_run,included,0,0,0,0,0,0,0
20260606,no_strict_raw,True,not_run,missing,0,0,0,0,0,0,0,0,0,0,0,0,0,0,0,0,0,0,not_run,included,0,0,0,0,0,0,0
20260607,no_strict_raw,True,not_run,missing,0,0,0,0,0,0,0,0,0,0,0,0,0,0,0,0,0,0,not_run,included,0,0,0,0,0,0,0
20260608,no_strict_raw,True,not_run,missing,0,0,0,0,0,0,0,0,0,0,0,0,0,0,0,0,0,0,not_run,included,0,0,0,0,0,0,0
20260609,no_strict_raw,True,not_run,missing,0,0,0,0,0,0,0,0,0,0,0,0,0,0,0,0,0,0,not_run,included,0,0,0,0,0,0,0
20260610,no_strict_raw,True,not_run,missing,0,0,0,0,0,0,0,0,0,0,0,0,0,0,0,0,0,0,not_run,included,0,0,0,0,0,0,0
20260611,quarantine_unknown,False,not_run,ok,28998489,13663763,1087221,1087221,1087221,1080653,843497,267450,1319,1319,1319,653,653,0,0,0,0,0,quarantine,unknown_quarantine,0,0,0,0,0,0,0
20260612,no_strict_raw,True,not_run,missing,0,0,0,0,0,0,0,0,0,0,0,0,0,0,0,0,0,0,not_run,included,0,0,0,0,0,0,0
20260613,no_strict_raw,True,not_run,missing,0,0,0,0,0,0,0,0,0,0,0,0,0,0,0,0,0,0,not_run,included,0,0,0,0,0,0,0
20260614,no_strict_raw,True,not_run,missing,0,0,0,0,0,0,0,0,0,0,0,0,0,0,0,0,0,0,not_run,included,0,0,0,0,0,0,0
20260615,no_strict_raw,True,not_run,missing,0,0,0,0,0,0,0,0,0,0,0,0,0,0,0,0,0,0,not_run,included,0,0,0,0,0,0,0
20260616,no_strict_raw,True,not_run,missing,0,0,0,0,0,0,0,0,0,0,0,0,0,0,0,0,0,0,not_run,included,0,0,0,0,0,0,0
20260617,quality_ok,True,true_zero_catalog,ok,583203,494812,30012,10959,10959,10207,3313,173,0,0,0,0,0,0,0,0,0,0,true_zero_catalog,included,0,0,0,0,0,0,0
20260618,no_strict_raw,True,not_run,missing,0,0,0,0,0,0,0,0,0,0,0,0,0,0,0,0,0,0,not_run,included,0,0,0,0,0,0,0
20260619,no_strict_raw,True,not_run,missing,0,0,0,0,0,0,0,0,0,0,0,0,0,0,0,0,0,0,not_run,included,0,0,0,0,0,0,0
20260620,quality_ok,True,catalog_nonempty,ok,18961346,11736575,261649,258437,258437,221233,90094,4158,405,405,405,19,19,19,0,0,0,0,normal,included,56,0,57,38,0,0,0
20260621,no_strict_raw,True,not_run,missing,0,0,0,0,0,0,0,0,0,0,0,0,0,0,0,0,0,0,not_run,included,0,0,0,0,0,0,0
20260622,no_strict_raw,True,not_run,missing,0,0,0,0,0,0,0,0,0,0,0,0,0,0,0,0,0,0,not_run,included,0,0,0,0,0,0,0
20260623,no_strict_raw,True,not_run,missing,0,0,0,0,0,0,0,0,0,0,0,0,0,0,0,0,0,0,not_run,included,0,0,0,0,0,0,0
20260624,no_strict_raw,True,not_run,missing,0,0,0,0,0,0,0,0,0,0,0,0,0,0,0,0,0,0,not_run,included,0,0,0,0,0,0,0
20260625,no_strict_raw,True,not_run,missing,0,0,0,0,0,0,0,0,0,0,0,0,0,0,0,0,0,0,not_run,included,0,0,0,0,0,0,0
20260626,no_strict_raw,True,not_run,missing,0,0,0,0,0,0,0,0,0,0,0,0,0,0,0,0,0,0,not_run,included,0,0,0,0,0,0,0
20260627,no_strict_raw,True,not_run,missing,0,0,0,0,0,0,0,0,0,0,0,0,0,0,0,0,0,0,not_run,included,0,0,0,0,0,0,0
20260628,no_strict_raw,True,not_run,missing,0,0,0,0,0,0,0,0,0,0,0,0,0,0,0,0,0,0,not_run,included,0,0,0,0,0,0,0
20260629,no_strict_raw,True,not_run,missing,0,0,0,0,0,0,0,0,0,0,0,0,0,0,0,0,0,0,not_run,included,0,0,0,0,0,0,0
20260630,no_strict_raw,True,not_run,missing,0,0,0,0,0,0,0,0,0,0,0,0,0,0,0,0,0,0,not_run,included,0,0,0,0,0,0,0
20260701,no_strict_raw,True,not_run,missing,0,0,0,0,0,0,0,0,0,0,0,0,0,0,0,0,0,0,not_run,included,0,0,0,0,0,0,0
20260702,no_strict_raw,True,not_run,missing,0,0,0,0,0,0,0,0,0,0,0,0,0,0,0,0,0,0,not_run,included,0,0,0,0,0,0,0
20260703,no_strict_raw,True,not_run,missing,0,0,0,0,0,0,0,0,0,0,0,0,0,0,0,0,0,0,not_run,included,0,0,0,0,0,0,0
20260704,no_strict_raw,True,not_run,missing,0,0,0,0,0,0,0,0,0,0,0,0,0,0,0,0,0,0,not_run,included,0,0,0,0,0,0,0
20260705,no_strict_raw,True,not_run,missing,0,0,0,0,0,0,0,0,0,0,0,0,0,0,0,0,0,0,not_run,included,0,0,0,0,0,0,0
20260706,no_strict_raw,True,not_run,missing,0,0,0,0,0,0,0,0,0,0,0,0,0,0,0,0,0,0,not_run,included,0,0,0,0,0,0,0
20260707,no_strict_raw,True,not_run,missing,0,0,0,0,0,0,0,0,0,0,0,0,0,0,0,0,0,0,not_run,included,0,0,0,0,0,0,0
20260708,no_strict_raw,True,not_run,missing,0,0,0,0,0,0,0,0,0,0,0,0,0,0,0,0,0,0,not_run,included,0,0,0,0,0,0,0
20260709,no_strict_raw,True,not_run,missing,0,0,0,0,0,0,0,0,0,0,0,0,0,0,0,0,0,0,not_run,included,0,0,0,0,0,0,0
20260710,no_strict_raw,True,not_run,missing,0,0,0,0,0,0,0,0,0,0,0,0,0,0,0,0,0,0,not_run,included,0,0,0,0,0,0,0
20260711,no_strict_raw,True,not_run,missing,0,0,0,0,0,0,0,0,0,0,0,0,0,0,0,0,0,0,not_run,included,0,0,0,0,0,0,0
20260712,no_strict_raw,True,not_run,missing,0,0,0,0,0,0,0,0,0,0,0,0,0,0,0,0,0,0,not_run,included,0,0,0,0,0,0,0
20260713,no_strict_raw,True,not_run,missing,0,0,0,0,0,0,0,0,0,0,0,0,0,0,0,0,0,0,not_run,included,0,0,0,0,0,0,0
20260714,no_strict_raw,True,not_run,missing,0,0,0,0,0,0,0,0,0,0,0,0,0,0,0,0,0,0,not_run,included,0,0,0,0,0,0,0
20260715,quality_ok,True,true_zero_catalog,ok,1115635,1015867,40163,39532,39532,34049,16506,635,17,17,17,0,0,0,0,0,0,0,true_zero_catalog,included,0,0,0,0,0,0,0
