night,trk_sub,linkage_id,n_link_member_rows,n_unique_detections,first_mjd,median_mjd,last_mjd,median_ra_deg,median_dec_deg,median_mag_aper4,median_mag_psf,n_obs,n_tracklets,rms_arcsec,med_arcsec,max_arcsec,a_au,ecc,inc_deg,raan_deg,argp_deg,nu_deg,best_v1_kms,lin_rms_arcsec,lin_speed_arcsec_per_day,lin_dir_deg,speed_arcsec_per_hour,final_paper_status,n_detections,median_mjd_utc,median_time_utc,median_time_local,dusk_end_utc,dawn_start_utc,hours_after_dusk_end,hours_before_dawn_start,nearest_twilight,nearest_twilight_abs_hours,nearest_twilight_signed_hours,median_mag_aper4_legacy_twilight,median_mag_psf_legacy_twilight,median_ra_deg_legacy_twilight,median_dec_deg_legacy_twilight,twilight_metrics_status
20251121,000004r,598,3,3,61000.51447277778,61000.54039288194,61000.5662521875,8.99924117706019,20.121674204238477,18.928586959838867,17.145160675048828,3,2,0.1672305251550027,0.0,0.2896517661448899,-2.3534336924446655,2.7421353305958993,43.95820500167488,355.59958768044703,31.47990197867132,0.0059458662426887,28.455153392902016,0.1316941620779268,215.69215493449843,68.17264328163373,8.987173122270768,retained_after_posthoc_audit,3,61000.54039288194,2025-11-21T12:58:09.945,2025-11-21T20:58:09.945000+08:00,2025-11-21T10:23:35.366,2025-11-21T21:28:02.760,2.5762720184297465,8.498004196514987,dusk_end,2.5762720184297465,2.5762720184297465,18.928586959838867,17.145160675048828,8.99924117706019,20.121674204238477,legacy_site_coordinates_do_not_use_for_final_figure
20251124,000006v,0,3,3,61003.421151793984,61003.484596828705,61003.51146223379,347.9831381132704,-17.27888021957058,17.478530883789062,17.402278900146484,3,2,1.5136650034413317,0.0,2.621744691599306,0.8552354476523216,0.9877568309132454,67.38168569208776,198.890882434482,0.6114680570912017,-179.99777829926384,2.5276545288072083,1.163673369159325,621.5416713235846,171.0991429892712,25.897569638482693,retained_after_posthoc_audit,3,61003.484596828705,2025-11-24T11:37:49.166,2025-11-24T19:37:49.166000+08:00,2025-11-24T10:22:22.940,2025-11-24T21:30:54.093,1.2572848738331364,9.884701811031896,dusk_end,1.2572848738331364,1.2572848738331364,17.478530883789062,17.402278900146484,347.9831381132704,-17.27888021957058,legacy_site_coordinates_do_not_use_for_final_figure
20251125,000006K,21,3,3,61004.41511863426,61004.44406861111,61004.47301560185,340.537327962366,-13.256097316853907,17.534048080444336,17.430818557739258,3,2,0.3115509763174687,0.0030735851265057,0.5396133667799324,0.7962863041148304,0.6325786839385538,26.964063653139913,10.348816634579135,196.8741760736114,-179.98833198360066,15.834474206389872,0.2626815124055096,1336.5342631364283,41.8689897028552,55.68892763068451,retained_after_posthoc_audit,3,61004.44406861111,2025-11-25T10:39:27.528,2025-11-25T18:39:27.528000+08:00,2025-11-25T10:22:02.760,2025-11-25T21:31:50.249,0.2902134679242225,10.872978114926664,dusk_end,0.2902134679242225,0.2902134679242225,17.534048080444336,17.430818557739258,340.537327962366,-13.256097316853907,legacy_site_coordinates_do_not_use_for_final_figure
20251125,000006S,132,3,3,61004.431150833334,61004.45999814815,61004.48880881944,350.4287540182994,-8.854001174370154,18.173261642456055,18.238977432250977,3,2,0.8722503903425757,0.0,1.5107819929951267,1.5646742283662995,0.8534209613117614,85.27892941629035,7.953498346687426,179.34485319802366,-179.99779721309636,6.69622536819895,0.7099873402043746,448.39374143331526,142.2006615619101,18.68307255972147,retained_after_posthoc_audit,3,61004.45999814815,2025-11-25T11:02:23.840,2025-11-25T19:02:23.840000+08:00,2025-11-25T10:22:02.760,2025-11-25T21:31:50.249,0.6725223568718137,10.490669225979072,dusk_end,0.6725223568718137,0.6725223568718137,18.173261642456055,18.238977432250977,350.4287540182994,-8.854001174370154,legacy_site_coordinates_do_not_use_for_final_figure
20251203,000008u,343,3,3,61012.724925347226,61012.75381357639,61012.78201756944,117.62875037003016,20.890090630635573,17.774917602539062,17.79090118408203,3,2,0.2655821812194292,0.0,0.4600018314570163,1.2204301524939027,0.0651982024492051,23.43308466181008,0.7185962712870867,263.1020397181396,-179.98164747709478,25.25696768433281,0.280269562532293,221.49257893614688,163.03814621778065,9.228857455672786,retained_after_posthoc_audit,3,61012.75381357639,2025-12-03T18:05:29.493,2025-12-04T02:05:29.493000+08:00,2025-12-03T10:20:32.584,2025-12-03T21:38:57.070,7.749141410948698,3.557660352684879,dawn_start,3.557660352684879,-3.557660352684879,17.774917602539062,17.79090118408203,117.62875037003016,20.890090630635573,legacy_site_coordinates_do_not_use_for_final_figure
20251204,0000098,274,3,3,61013.84428979167,61013.87085726852,61013.89730413195,114.92231621326911,21.427017819861742,17.224042892456055,17.210651397705078,3,2,0.0331985136989447,0.0,0.0575015124623437,5.831336748206895,0.296902206955448,22.753958328705146,9.878698191228642,95.02493682480882,0.0035838120557554,16.751542389748227,0.025767316068528,252.4466137811889,161.9380474042935,10.518608907549536,retained_after_posthoc_audit,3,61013.87085726852,2025-12-04T20:54:02.068,2025-12-05T04:54:02.068000+08:00,2025-12-04T10:20:30.192,2025-12-04T21:39:47.097,10.558854402710365,0.7625081047463427,dawn_start,0.7625081047463427,-0.7625081047463427,17.224042892456055,17.210651397705078,114.92231621326911,21.427017819861742,legacy_site_coordinates_do_not_use_for_final_figure
20251204,000009h,306,3,3,61013.84825501157,61013.87480642361,61013.90126414352,117.55827661534876,20.908959766245587,17.648366928100586,17.666749954223633,3,2,0.3016814222899489,0.0,0.5225275511058335,5.499622340117905,0.2544942643573347,22.8643491983179,4.918541506973808,101.64735227066848,0.0035243844302251,16.47538325353662,0.2454535329392044,226.82736871619005,165.5232165683426,9.451140363174586,retained_after_posthoc_audit,3,61013.87480642361,2025-12-04T20:59:43.275,2025-12-05T04:59:43.275000+08:00,2025-12-04T10:20:30.192,2025-12-04T21:39:47.097,10.6536341249283,0.6677283825284066,dawn_start,0.6677283825284066,-0.6677283825284066,17.648366928100586,17.666749954223633,117.55827661534876,20.908959766245587,legacy_site_coordinates_do_not_use_for_final_figure
20251204,000009l,317,3,3,61013.85040452546,61013.87695957176,61013.90339510416,106.43396364049946,23.99977697907328,17.83401107788086,17.909395217895508,3,2,0.4424147941171867,0.0,0.766284901431092,1.2271145937058452,0.059395764925614,23.669061667767146,357.0397631851546,263.74682069588715,-179.98291318282244,25.335233067425623,0.4387991083233378,936.0764111147316,183.58822137494087,39.00318379644715,retained_after_posthoc_audit,3,61013.87695957176,2025-12-04T21:02:49.307,2025-12-05T05:02:49.307000+08:00,2025-12-04T10:20:30.192,2025-12-04T21:39:47.097,10.705309680457372,0.6160528269993337,dawn_start,0.6160528269993337,-0.6160528269993337,17.83401107788086,17.909395217895508,106.43396364049946,23.99977697907328,legacy_site_coordinates_do_not_use_for_final_figure
20251207,00000aG,298,3,3,61016.43259336805,61016.46225980325,61016.489408368056,35.00076238193964,19.825908614221383,16.027873992919922,16.053089141845703,3,2,0.0285584413220693,0.0,0.0494646713547985,3.665417898460688,0.1185627708545725,23.06083460365217,289.6090856260487,292.27631808924224,-179.99683366396718,13.81010183375071,0.0227143154625013,522.0210291905761,230.4676683684961,21.750876216274005,retained_after_posthoc_audit,3,61016.46225980325,2025-12-07T11:05:39.247,2025-12-07T19:05:39.247001+08:00,2025-12-07T10:20:34.756,2025-12-07T21:42:11.931,0.751247489016154,10.609078953937876,dusk_end,0.751247489016154,0.751247489016154,16.027873992919922,16.053089141845703,35.00076238193964,19.825908614221383,legacy_site_coordinates_do_not_use_for_final_figure
20251207,00000bh,896,3,3,61016.52087881944,61016.5485206713,61016.5778215625,48.84417910724284,3.176017626942899,17.84528350830078,18.14187240600586,3,2,0.675748503023798,0.0030735851265057,1.1704267047069552,1.4157145024535016,0.0817357652645305,19.643606341389265,2.602699885091426,65.80179495863365,0.0196905585339959,27.16952413246923,0.5846614120191747,610.4726702628133,162.797778902172,25.43636126095055,retained_after_posthoc_audit,3,61016.5485206713,2025-12-07T13:09:52.186,2025-12-07T21:09:52.186000+08:00,2025-12-07T10:20:34.756,2025-12-07T21:42:11.931,2.8215083221500987,8.53881812080393,dusk_end,2.8215083221500987,2.8215083221500987,17.84528350830078,18.14187240600586,48.84417910724284,3.176017626942899,legacy_site_coordinates_do_not_use_for_final_figure
20251208,00000cR,1115,3,3,61017.759598414355,61017.78582819444,61017.81204148149,113.95355964433988,23.090786064143124,17.121566772460938,17.148868560791016,3,2,0.0845654931169765,0.0,0.1464717306457196,1.38605058504359,0.06208329602776,23.840010849782153,359.7314758951508,86.1759719069974,0.0179691041938349,26.921591304900588,0.1109475876084787,301.5272054278414,168.5434341136023,12.563633559493391,retained_after_posthoc_audit,3,61017.78582819444,2025-12-08T18:51:35.556,2025-12-09T02:51:35.556000+08:00,2025-12-08T10:20:40.169,2025-12-08T21:42:58.341,8.51538530882676,2.856329232486348,dawn_start,2.856329232486348,-2.856329232486348,17.121566772460938,17.148868560791016,113.95355964433988,23.090786064143124,legacy_site_coordinates_do_not_use_for_final_figure
20251208,00000cT,1141,3,3,61017.7626025,61017.78884447917,61017.815052743055,113.9532276620022,23.090767670420227,17.247882843017578,17.16469383239746,3,2,0.1094040888009007,0.0,0.1894934403589372,5.884239135801841,0.3032234238716475,24.42393093813755,2.1717557030349375,101.96573037202492,0.0035543094746695,16.792317020496743,0.0874896610587965,311.0701444369908,167.34953358586463,12.96125601820795,retained_after_posthoc_audit,3,61017.78884447917,2025-12-08T18:55:56.163,2025-12-09T02:55:56.163000+08:00,2025-12-08T10:20:40.169,2025-12-08T21:42:58.341,8.587776142230675,2.783938399082433,dawn_start,2.783938399082433,-2.783938399082433,17.247882843017578,17.16469383239746,113.9532276620022,23.090767670420227,legacy_site_coordinates_do_not_use_for_final_figure
20251208,00000cs,449,3,3,61017.452854953706,61017.48187351852,61017.51100258102,34.91309581737564,19.71184720022901,16.15353775024414,16.16417121887207,3,2,0.0163604061689552,0.0030735851265057,0.0281698729942059,3.3040368381776677,0.0012217897043561,21.55593699135638,318.4510265900238,87.6467469754704,0.0047830333059611,16.405946493323977,0.014996751283622,497.6980885870791,232.22603889423468,20.737420357794964,retained_after_posthoc_audit,3,61017.48187351852,2025-12-08T11:33:53.872,2025-12-08T19:33:53.872000+08:00,2025-12-08T10:20:40.169,2025-12-08T21:42:58.341,1.220473086635998,10.151241454677107,dusk_end,1.220473086635998,1.220473086635998,16.15353775024414,16.16417121887207,34.91309581737564,19.71184720022901,legacy_site_coordinates_do_not_use_for_final_figure
20251209,00000e2,1083,3,3,61018.846585810184,61018.87456671296,61018.90068744213,117.19716804920762,21.002572058584548,17.909584045410156,17.841562271118164,3,2,0.3318143578503113,0.0,0.5747193264775802,1.3373163364400535,0.0279038976873606,23.429182014787433,0.8532958350575427,86.96105806502538,0.0182366757440274,26.484860782554488,0.2820621332583253,279.05819969104846,167.87802706157777,11.62742498712702,retained_after_posthoc_audit,3,61018.87456671296,2025-12-09T20:59:22.564,2025-12-10T04:59:22.564000+08:00,2025-12-09T10:20:47.513,2025-12-09T21:43:43.761,10.64306976966971,0.7392215056978744,dawn_start,0.7392215056978744,-0.7392215056978744,17.909584045410156,17.841562271118164,117.19716804920762,21.002572058584548,legacy_site_coordinates_do_not_use_for_final_figure
20251214,00000gA,260,3,3,61023.453093854165,61023.48359408565,61023.51369636574,53.61876334636927,27.183099803231713,18.644132614135746,18.75204086303711,3,2,0.1247234435562645,0.0,0.2160273411343992,1.9173619243435316,0.1133651017644098,28.428627949454462,7.489145100730212,65.17253520284697,0.0142170709832704,24.10390768306589,0.1156659688405822,722.499050795012,177.6921856631161,30.10412711645883,retained_after_posthoc_audit,3,61023.48359408565,2025-12-14T11:36:22.529,2025-12-14T19:36:22.529000+08:00,2025-12-14T10:21:52.642,2025-12-14T21:47:14.481,1.2416353609340347,10.181097781222668,dusk_end,1.2416353609340347,1.2416353609340347,18.644132614135746,18.75204086303711,53.61876334636927,27.183099803231713,legacy_site_coordinates_do_not_use_for_final_figure
20251215,00000hz,246,3,3,61024.44911127315,61024.47964878472,61024.511529710646,53.40413560584203,27.190217469251714,18.682588577270508,18.726255416870117,3,2,0.1011951939292949,0.0,0.1752752173673243,3.0224889059532156,0.3564979494153702,53.403376664125624,38.31819742875276,214.19416085758775,-179.99702774439868,11.799840963391452,0.073846704600314,705.2998564021708,176.8142409825661,29.387494016757117,retained_after_posthoc_audit,3,61024.47964878472,2025-12-15T11:30:41.655,2025-12-15T19:30:41.655000+08:00,2025-12-15T10:22:11.205,2025-12-15T21:47:53.059,1.141791775394251,10.286501017069952,dusk_end,1.141791775394251,1.141791775394251,18.682588577270508,18.726255416870117,53.40413560584203,27.190217469251714,legacy_site_coordinates_do_not_use_for_final_figure
20251216,00000jr,232,3,3,61025.441909444446,61025.473747986114,61025.50556415509,53.19472327722889,27.19698029259082,18.529150009155273,18.636703491210938,3,2,0.3743722574675839,0.0,0.6484317708781123,1.3821784746844106,0.059455765997205,26.006710239021807,4.008068769870906,73.92820046203937,0.0217836683629318,26.88826947206082,0.3805318535732704,694.9330127129508,176.96202806814262,28.95554219637295,retained_after_posthoc_audit,3,61025.473747986114,2025-12-16T11:22:11.826,2025-12-16T19:22:11.826000+08:00,2025-12-16T10:22:31.554,2025-12-16T21:48:30.355,0.9945201024160856,10.438480243675604,dusk_end,0.9945201024160856,0.9945201024160856,18.529150009155273,18.636703491210938,53.19472327722889,27.19698029259082,legacy_site_coordinates_do_not_use_for_final_figure
20251217,00000lA,1134,3,3,61026.84266865741,61026.86847631945,61026.8981053588,113.59644256066416,21.83614609699659,15.135032653808594,15.141853332519531,3,2,0.0202328142620187,0.0,0.0350442622819207,7.345237949725065,0.4418152243569265,22.695446320278247,12.716283449626207,94.07228376153232,0.0039513950654238,17.66265513988924,0.0126898665717524,377.5073165324643,162.59738688765185,15.729471522186012,retained_after_posthoc_audit,3,61026.86847631945,2025-12-17T20:50:36.354,2025-12-18T04:50:36.354000+08:00,2025-12-17T10:22:53.666,2025-12-17T21:49:06.316,10.461857763447956,0.9749895530686592,dawn_start,0.9749895530686592,-0.9749895530686592,15.135032653808594,15.141853332519531,113.59644256066416,21.83614609699659,legacy_site_coordinates_do_not_use_for_final_figure
20251217,00000lG,1187,3,3,61026.849127361114,61026.87490996528,61026.90455799769,115.2899352072843,21.074449463385697,18.061111450195312,18.130634307861328,3,2,0.2664640543911831,0.0030735851265057,0.4615190461099436,4.257390951852552,0.0369688745718806,22.941818070625235,2.031681712787879,105.22350216607632,0.0033506652511421,14.979042275753445,0.2086076580296351,455.16636692839865,170.04837323268444,18.965265288683277,retained_after_posthoc_audit,3,61026.87490996528,2025-12-17T20:59:52.221,2025-12-18T04:59:52.221000+08:00,2025-12-17T10:22:53.666,2025-12-17T21:49:06.316,10.61626526338809,0.8205820531285246,dawn_start,0.8205820531285246,-0.8205820531285246,18.061111450195312,18.130634307861328,115.2899352072843,21.074449463385697,legacy_site_coordinates_do_not_use_for_final_figure
20251217,00000lw,1025,3,3,61026.833427488426,61026.8592416088,61026.88886560185,113.03411359713505,23.254539705342445,17.090545654296875,17.120338439941406,3,2,0.0400353389507636,0.0,0.0693432411609638,6.841635294163771,0.4007280685090779,24.516459372553655,1.0902647368962923,104.1997840002834,0.0038947862040118,17.409171423035946,0.0281324241672484,387.4626133616316,169.93013290790705,16.14427555673465,retained_after_posthoc_audit,3,61026.8592416088,2025-12-17T20:37:18.475,2025-12-18T04:37:18.475000+08:00,2025-12-17T10:22:53.666,2025-12-17T21:49:06.316,10.240224707909553,1.196622608607064,dawn_start,1.196622608607064,-1.196622608607064,17.090545654296875,17.120338439941406,113.03411359713505,23.254539705342445,legacy_site_coordinates_do_not_use_for_final_figure
20260103,00000wD,40,3,3,61043.42534581019,61043.45238027778,61043.47920048611,357.6815527189068,-3.4454926330490303,16.820270538330078,16.8738956451416,3,2,0.0977284079001928,0.0,0.1692705678259497,2.0533893048444805,0.9966988221316084,85.38897870094726,190.0886111809522,358.24342238284225,-179.99981632241443,0.8451540019378634,0.0787694484070617,220.94781981169825,26.845772003274213,9.20615915882076,retained_after_posthoc_audit,3,61043.45238027778,2026-01-03T10:51:25.656,2026-01-03T18:51:25.656000+08:00,2026-01-03T10:33:03.820,2026-01-03T21:55:17.997,0.306065442043316,11.06453915305126,dusk_end,0.306065442043316,0.306065442043316,16.820270538330078,16.8738956451416,357.6815527189068,-3.4454926330490303,legacy_site_coordinates_do_not_use_for_final_figure
20260112,00000C3,119,3,3,61052.52973349537,61052.55698405093,61052.584179756945,84.07461822014037,35.44144992382593,16.206707000732422,18.2840576171875,3,2,0.4057093558910917,0.0,0.7027092175094145,1.8856468858593944,0.3105814298542642,26.18671523391024,6.16431699212625,99.58585145206116,0.0207233104095496,29.905663443753543,0.4123731340221814,258.96733380681127,30.105441088632485,10.790305575283803,retained_after_posthoc_audit,3,61052.55698405093,2026-01-12T13:22:03.422,2026-01-12T21:22:03.422000+08:00,2026-01-12T10:40:46.263,2026-01-12T21:55:04.322,2.688099656203328,8.550249992033976,dusk_end,2.688099656203328,2.688099656203328,16.206707000732422,18.2840576171875,84.07461822014037,35.44144992382593,legacy_site_coordinates_do_not_use_for_final_figure
20260205,00000LG,51,3,3,61076.46450630787,61076.491546400466,61076.543359131945,110.19698307267842,22.43542064785421,17.668039321899414,17.684589385986328,3,2,0.1560683279567118,0.0030735851265057,0.270300799199857,6.619960619464066,0.3806609690793234,22.745519369776567,5.8213415666719515,109.68041545895844,0.0054999543980132,17.28401799323114,0.1253134408302665,372.1943260317043,168.22910548796708,15.508096917987679,retained_after_posthoc_audit,3,61076.491546400466,2026-02-05T11:47:49.609,2026-02-05T19:47:49.609000+08:00,2026-02-05T11:05:09.954,2026-02-05T21:41:42.384,0.7110151748287366,9.897993057923069,dusk_end,0.7110151748287366,0.7110151748287366,17.668039321899414,17.684589385986328,110.19698307267842,22.43542064785421,legacy_site_coordinates_do_not_use_for_final_figure
20260205,00000LJ,67,3,3,61076.46865206018,61076.49569466435,61076.54752079861,106.65722675287068,23.99948399749754,17.293243408203125,17.316482543945312,3,2,0.0609056053090783,0.0,0.1054916028610604,6.667924511466893,0.38511601508415,24.505435779819944,0.9124756009261984,111.49732559917686,0.0055099321334321,17.311881125900015,0.0345995361373089,336.8449346228966,175.39274876715606,14.035205609287358,retained_after_posthoc_audit,3,61076.49569466435,2026-02-05T11:53:48.019,2026-02-05T19:53:48.019000+08:00,2026-02-05T11:05:09.954,2026-02-05T21:41:42.384,0.8105735080547505,9.798434724697051,dusk_end,0.8105735080547505,0.8105735080547505,17.293243408203125,17.316482543945312,106.65722675287068,23.99948399749754,legacy_site_coordinates_do_not_use_for_final_figure
20260206,00000LX,102,3,3,61077.50686840278,61077.53237195602,61077.55788368056,108.20155773148494,23.100582814487257,17.341073989868164,17.29049301147461,3,2,0.0539703811213046,0.0,0.0934794422059558,9.733894994068525,0.5787914294140409,22.820360807055295,8.551773482522368,105.89663868302456,0.0038050549183905,18.482621340835408,0.0407655268300223,302.85869847434503,166.3064920225102,12.619112436431044,retained_after_posthoc_audit,3,61077.53237195602,2026-02-06T12:46:36.937,2026-02-06T20:46:36.937000+08:00,2026-02-06T11:06:14.100,2026-02-06T21:40:45.945,1.6730101563675173,8.902502253696438,dusk_end,1.6730101563675173,1.6730101563675173,17.341073989868164,17.29049301147461,108.20155773148494,23.100582814487257,legacy_site_coordinates_do_not_use_for_final_figure
20260207,00000Ma,120,3,3,61078.46215174768,61078.48850773148,61078.51480657407,109.98697488892373,22.474172361799177,17.854162216186523,17.806550979614258,3,2,0.0553245322771037,0.0,0.095824900808928,1.4729235476793987,0.1174015820957225,23.456043903696475,0.2618312179256547,130.41418554505776,0.0185055452568812,27.613793848627367,0.0757904117420454,354.1796753027618,169.1849835193691,14.757486470948407,retained_after_posthoc_audit,3,61078.48850773148,2026-02-07T11:43:27.068,2026-02-07T19:43:27.068000+08:00,2026-02-07T11:07:18.370,2026-02-07T21:39:47.826,0.6024160918943053,9.939099479913704,dusk_end,0.6024160918943053,0.6024160918943053,17.854162216186523,17.806550979614258,109.98697488892373,22.474172361799177,legacy_site_coordinates_do_not_use_for_final_figure
20260207,00000Md,159,3,3,61078.46962516203,61078.495940277775,61078.52220726852,106.46264396716452,24.01068704351809,17.225772857666016,17.250507354736328,3,2,0.0731874769030917,0.0,0.1267644284739287,6.446222146185185,0.3639685532382719,24.65252156667701,0.0362845367647806,112.5692093141458,0.0036453434862272,17.17921697193899,0.0556756578870875,318.74504541121644,176.46237653982163,13.281043558800684,retained_after_posthoc_audit,3,61078.495940277775,2026-02-07T11:54:09.240,2026-02-07T19:54:09.240000+08:00,2026-02-07T11:07:18.370,2026-02-07T21:39:47.826,0.7807972029014891,9.76071836890652,dusk_end,0.7807972029014891,0.7807972029014891,17.225772857666016,17.250507354736328,106.46264396716452,24.01068704351809,legacy_site_coordinates_do_not_use_for_final_figure
20260207,00000Mf,168,3,3,61078.46962516203,61078.495940277775,61078.52220726852,107.35511379199956,22.512721533864344,18.520288467407227,18.38776206970215,3,2,0.0547523914377059,0.0,0.0948339238060059,2.5880525364381706,0.1885790701463507,22.99673534505769,2.066586603773733,118.65269017353484,0.0092831883115477,22.40771158605216,0.0503228720585865,426.48738435176665,167.92245989572692,17.77030768132361,retained_after_posthoc_audit,3,61078.495940277775,2026-02-07T11:54:09.240,2026-02-07T19:54:09.240000+08:00,2026-02-07T11:07:18.370,2026-02-07T21:39:47.826,0.7807972029014891,9.76071836890652,dusk_end,0.7807972029014891,0.7807972029014891,18.520288467407227,18.38776206970215,107.35511379199956,22.512721533864344,legacy_site_coordinates_do_not_use_for_final_figure
20260207,00000Mg,174,3,3,61078.46962516203,61078.495940277775,61078.52220726852,107.65337256758237,23.293451981900247,18.62116241455078,18.506471633911133,3,2,0.385813499762813,0.0,0.6682485838351551,9.96554628318948,0.5885825142034339,23.648188726952167,3.1150140181549544,110.68532649162472,0.0039340614790109,18.539843975236217,0.3086310292243722,281.2710999830769,171.6439795602148,11.719629165961537,retained_after_posthoc_audit,3,61078.495940277775,2026-02-07T11:54:09.240,2026-02-07T19:54:09.240000+08:00,2026-02-07T11:07:18.370,2026-02-07T21:39:47.826,0.7807972029014891,9.76071836890652,dusk_end,0.7807972029014891,0.7807972029014891,18.62116241455078,18.506471633911133,107.65337256758237,23.293451981900247,legacy_site_coordinates_do_not_use_for_final_figure
20260207,00000Mh,177,3,3,61078.46962516203,61078.495940277775,61078.52220726852,108.11963388021974,23.11786471091092,17.063215255737305,17.0413761138916,3,2,0.0220214027073746,0.0,0.0381421883431077,3.264889250602931,0.3567928862095458,23.409110882854076,2.1918573892001696,118.91242144322668,0.0099183607587462,23.940887484248567,0.0263893696526509,293.3103270417572,168.22889236999907,12.221263626739884,retained_after_posthoc_audit,3,61078.495940277775,2026-02-07T11:54:09.240,2026-02-07T19:54:09.240000+08:00,2026-02-07T11:07:18.370,2026-02-07T21:39:47.826,0.7807972029014891,9.76071836890652,dusk_end,0.7807972029014891,0.7807972029014891,17.063215255737305,17.0413761138916,108.11963388021974,23.11786471091092,legacy_site_coordinates_do_not_use_for_final_figure
20260207,00000Mi,178,3,3,61078.46962516203,61078.495940277775,61078.52220726852,108.17542077887472,23.1142662286814,15.188132286071776,15.186419486999512,3,2,0.0366689569038882,0.0030735851265057,0.063438082219813,5.117795338945294,0.5115084081995961,23.679473011647612,1.3351760739326477,117.40710541173227,0.0080594857033793,23.159458115106425,0.0339329050028179,258.7688595811352,172.07930478058896,10.782035815880633,retained_after_posthoc_audit,3,61078.495940277775,2026-02-07T11:54:09.240,2026-02-07T19:54:09.240000+08:00,2026-02-07T11:07:18.370,2026-02-07T21:39:47.826,0.7807972029014891,9.76071836890652,dusk_end,0.7807972029014891,0.7807972029014891,15.188132286071776,15.186419486999512,108.17542077887472,23.1142662286814,legacy_site_coordinates_do_not_use_for_final_figure
20260208,00000NM,232,3,3,61079.469076030095,61079.49535907408,61079.52171273148,109.88478143533406,22.493120187796645,17.697330474853516,17.686120986938477,3,2,0.0947508745530115,0.0,0.164113328787401,6.126693160724735,0.3307972358944953,22.90833527410629,4.69437385972704,111.13173827975218,0.0036044827531147,16.969034439282357,0.077260601259218,351.1547670549097,169.02965138731022,14.631448627287904,retained_after_posthoc_audit,3,61079.49535907408,2026-02-08T11:53:19.024,2026-02-08T19:53:19.024000+08:00,2026-02-08T11:08:22.755,2026-02-08T21:38:48.049,0.7489635585720489,9.758062577700278,dusk_end,0.7489635585720489,0.7489635585720489,17.697330474853516,17.686120986938477,109.88478143533406,22.493120187796645,legacy_site_coordinates_do_not_use_for_final_figure
20260208,00000Ot,421,3,3,61079.55333912037,61079.58260363426,61079.61182277778,106.3614493875214,24.01602272659079,17.20397186279297,17.137300491333008,3,2,0.0617017908049728,0.0,0.1068706365921991,2.050512343783159,0.1709389130619085,23.834939278682526,1.4999142687662694,122.7501658049235,0.0140702671797593,24.71927747348673,0.065989391662634,308.40035864735273,177.3244849872605,12.850014943639698,retained_after_posthoc_audit,3,61079.58260363426,2026-02-08T13:58:56.954,2026-02-08T21:58:56.954000+08:00,2026-02-08T11:08:22.755,2026-02-08T21:38:48.049,2.842833003020551,7.664193133251776,dusk_end,2.842833003020551,2.842833003020551,17.20397186279297,17.137300491333008,106.3614493875214,24.01602272659079,legacy_site_coordinates_do_not_use_for_final_figure
20260208,00000Ow,435,3,3,61079.55333912037,61079.58260363426,61079.61182277778,108.02952915093762,23.136775967897847,17.23436737060547,17.236927032470703,3,2,0.119052665950804,0.0,0.206205266203318,9.12936086379938,0.5508995583566482,22.839404493491408,8.364416687319721,106.37229664743258,0.0043233924276958,18.318631320004993,0.0919845575073687,286.0683384504843,166.75394862177575,11.919514102103513,retained_after_posthoc_audit,3,61079.58260363426,2026-02-08T13:58:56.954,2026-02-08T21:58:56.954000+08:00,2026-02-08T11:08:22.755,2026-02-08T21:38:48.049,2.842833003020551,7.664193133251776,dusk_end,2.842833003020551,2.842833003020551,17.23436737060547,17.236927032470703,108.02952915093762,23.136775967897847,legacy_site_coordinates_do_not_use_for_final_figure
20260210,00000P2,35,3,3,61081.46447868056,61081.49198965278,61081.519510625,119.76433131168722,14.242985140640837,18.712482452392575,19.105466842651367,3,2,0.3759209478089134,0.0,0.6511141812344862,1.273088242889196,0.0211389576978001,19.761057181804,4.1112989853208,311.9183576080494,-179.98189767182237,25.845322797190978,0.401660515048673,1472.2655467031857,138.70949408606538,61.344397779299406,retained_after_posthoc_audit,3,61081.49198965278,2026-02-10T11:48:27.906,2026-02-10T19:48:27.906000+08:00,2026-02-10T11:10:31.841,2026-02-10T21:36:43.612,0.632240376118002,9.8043626599985,dusk_end,0.632240376118002,0.632240376118002,18.712482452392575,19.105466842651367,119.76433131168722,14.242985140640837,legacy_site_coordinates_do_not_use_for_final_figure
20260213,00000RM,350,3,3,61084.5157884375,61084.54259320602,61084.56936758102,115.19381710719264,15.027797852897525,18.97908592224121,18.95909881591797,3,2,0.1588580720815993,0.0,0.2751502520377691,1.4313588831659494,0.0917721547524057,22.934573429037982,355.4238241712163,141.00618530069056,0.0186131909995199,27.295273119447923,0.1327767269226828,472.8121903993252,167.09367394751888,19.700507933305214,retained_after_posthoc_audit,3,61084.54259320602,2026-02-13T13:01:20.053,2026-02-13T21:01:20.053000+08:00,2026-02-13T11:13:46.149,2026-02-13T21:33:25.085,1.7927510878892554,8.534730982426805,dusk_end,1.7927510878892554,1.7927510878892554,18.97908592224121,18.95909881591797,115.19381710719264,15.027797852897525,legacy_site_coordinates_do_not_use_for_final_figure
20260216,00000UH,90,3,3,61087.4491971875,61087.476148298614,61087.5030824537,124.99430327354555,21.18065128115042,16.187015533447266,16.191118240356445,3,2,0.033055928156522,0.0,0.0572545470584428,2.694123225758034,0.5218309111234035,21.81567915100756,69.3428007429433,243.36557992601735,-179.99778813279477,10.171662356324347,0.0200108843857742,711.0068866882181,154.44598363731478,29.62528694534242,retained_after_posthoc_audit,3,61087.476148298614,2026-02-16T11:25:39.213,2026-02-16T19:25:39.213000+08:00,2026-02-16T11:17:01.122,2026-02-16T21:29:52.861,0.1439140640674168,10.070457875980294,dusk_end,0.1439140640674168,0.1439140640674168,16.187015533447266,16.191118240356445,124.99430327354555,21.18065128115042,legacy_site_coordinates_do_not_use_for_final_figure
20260216,00000UI,208,3,3,61087.45504572917,61087.48198363426,61087.50886100694,124.99319516886877,21.18115359183483,16.253971099853516,16.22252655029297,3,2,0.0219497881999745,0.0,0.0380181483777317,2.298790120806364,0.0864759775621541,21.278821523459488,10.68345218959862,124.00059850361988,0.0090836583601751,21.4236532763111,0.032980374185192,711.659040660151,154.39595290348586,29.652460027506294,retained_after_posthoc_audit,3,61087.48198363426,2026-02-16T11:34:03.386,2026-02-16T19:34:03.386000+08:00,2026-02-16T11:17:01.122,2026-02-16T21:29:52.861,0.2839621195113295,9.93040982053638,dusk_end,0.2839621195113295,0.2839621195113295,16.253971099853516,16.22252655029297,124.99319516886877,21.18115359183483,legacy_site_coordinates_do_not_use_for_final_figure
20260309,000011l,35,4,4,61108.69579305556,61108.72570941551,61108.845871550926,197.23495477889546,0.5848984131581034,17.392541885375977,17.479310989379883,4,3,0.19100792233934,0.1290535387901832,0.2843855296271108,7.738314405051875,0.4701688556333134,19.16655243394908,15.228366214561383,175.34182536296197,0.0108019055383301,17.835479709754274,0.127688709559028,355.1821089478304,141.5235322882326,14.799254539492933,retained_after_posthoc_audit,4,61108.72570941551,2026-03-09T17:25:01.293,2026-03-10T01:25:01.293500+08:00,2026-03-09T11:40:03.761,2026-03-09T20:59:38.933,5.749314606155769,3.5771220223890667,dawn_start,3.5771220223890667,-3.5771220223890667,17.392541885375977,17.479310989379883,197.23495477889543,0.5848984131581034,legacy_site_coordinates_do_not_use_for_final_figure
20260310,000012H,1026,3,3,61109.762196145835,61109.78664079861,61109.811160289355,197.15334990980924,0.650795890950309,17.2771053314209,17.480560302734375,3,2,0.0396401136872268,0.0,0.0686586909240834,7.672505887849127,0.465624392151104,19.037866922219617,15.258738381324772,175.45797225130798,0.0035187453159094,17.80789261632792,0.0324292880751441,366.56531100911553,141.96601867862503,15.273554625379814,retained_after_posthoc_audit,3,61109.78664079861,2026-03-10T18:52:45.765,2026-03-11T02:52:45.765000+08:00,2026-03-10T11:41:11.190,2026-03-10T20:58:00.690,7.192937412529867,2.087479253111642,dawn_start,2.087479253111642,-2.087479253111642,17.2771053314209,17.480560302734375,197.15334990980924,0.650795890950309,legacy_site_coordinates_do_not_use_for_final_figure
20260310,000012m,730,3,3,61109.643039027775,61109.66339591435,61109.68379255787,137.61512571444212,19.556348289512417,18.29674530029297,18.56931495666504,3,2,0.0364536352718913,0.0,0.0631395484115007,2.104123273384414,0.001959615895071,17.879904708746757,19.063792775151768,132.40604421032884,0.006605953019761,20.57351870853188,0.0342573307289413,577.4396697887792,140.24291005620327,24.05998624119913,retained_after_posthoc_audit,3,61109.66339591435,2026-03-10T15:55:17.407,2026-03-10T23:55:17.407000+08:00,2026-03-10T11:41:11.190,2026-03-10T20:58:00.690,4.235060190372318,5.045356475269191,dusk_end,4.235060190372318,4.235060190372318,18.29674530029297,18.56931495666504,137.61512571444212,19.556348289512417,legacy_site_coordinates_do_not_use_for_final_figure
20260311,000013V,1139,3,3,61110.74243268518,61110.76767074074,61110.79298002315,197.0761146045194,0.7123267367633851,17.28526496887207,17.500574111938477,3,2,0.0460696132938598,0.0030735851265057,0.079735693899329,1.5029072143168811,0.1350098129372073,23.85267930959282,4.596151787967966,172.65906329386823,0.0179042921524516,27.830515159900013,0.0389773965145521,371.6322934891143,142.54470568581297,15.484678895379764,retained_after_posthoc_audit,3,61110.76767074074,2026-03-11T18:25:26.752,2026-03-12T02:25:26.752000+08:00,2026-03-11T11:42:18.874,2026-03-11T20:56:21.573,6.7188550307912465,2.515228118389513,dawn_start,2.515228118389513,-2.515228118389513,17.28526496887207,17.500574111938477,197.0761146045194,0.7123267367633851,legacy_site_coordinates_do_not_use_for_final_figure
20260407,0000188,1081,3,3,61137.71112136574,61137.73254207176,61137.754085960645,187.11635618951505,7.296214967555942,18.627365112304688,18.61006546020508,3,2,0.1540885227126328,0.0,0.266889150201511,1.647459687612105,0.2109063418946895,22.618673546102094,5.456064097068353,189.29232237811533,0.0157190051515493,28.74595320140162,0.1658168179269931,398.5961505970075,166.61146174919747,16.60817294154198,retained_after_posthoc_audit,3,61137.73254207176,2026-04-07T17:34:51.635,2026-04-08T01:34:51.635000+08:00,2026-04-07T12:15:03.020,2026-04-07T20:07:53.723,5.330170800831898,2.5505799806267824,dawn_start,2.5505799806267824,-2.5505799806267824,18.627365112304688,18.61006546020508,187.11635618951505,7.296214967555942,legacy_site_coordinates_do_not_use_for_final_figure
20260407,000018c,1098,3,3,61137.712952222224,61137.73439467593,61137.755915752314,187.11619934927137,7.296246420859296,18.530046463012695,18.45623207092285,3,2,0.2558224991978587,0.0,0.4430975663299396,8.88722533916371,0.5386636614529757,26.990573821561632,16.969249594669588,171.41700858671396,0.0031635164831381,18.246225362964555,0.2042233678611769,429.07782675507434,167.42961412659025,17.87824278146143,retained_after_posthoc_audit,3,61137.73439467593,2026-04-07T17:37:31.700,2026-04-08T01:37:31.700000+08:00,2026-04-07T12:15:03.020,2026-04-07T20:07:53.723,5.374633300855554,2.506117480603127,dawn_start,2.506117480603127,-2.506117480603127,18.530046463012695,18.45623207092285,187.11619934927137,7.296246420859296,legacy_site_coordinates_do_not_use_for_final_figure
20260410,000018E,394,3,3,61140.671568425925,61140.69307555556,61140.71458409722,186.77547754383227,7.373185275481573,18.735841751098633,18.6312313079834,3,2,0.2314731358717556,0.0,0.4009232319171748,1.6075587813190408,0.1913204000011016,22.382073478232616,5.311150906933848,191.5594876276812,0.0156098976020612,28.512528127248856,0.2242064337393679,422.1690067911261,166.04727901899216,17.59037528296359,retained_after_posthoc_audit,3,61140.69307555556,2026-04-10T16:38:01.728,2026-04-11T00:38:01.728000+08:00,2026-04-10T12:19:02.907,2026-04-10T20:02:15.933,4.316339205191585,3.403945934640622,dawn_start,3.403945934640622,-3.403945934640622,18.735841751098633,18.6312313079834,186.77547754383227,7.373185275481573,legacy_site_coordinates_do_not_use_for_final_figure
20260410,000018H,420,3,3,61140.67341614583,61140.69492429398,61140.71644438658,186.7753448218944,7.373283696917185,18.597091674804688,18.547657012939453,3,2,0.0717096678519014,0.0,0.1242047881133818,8.75950012665033,0.5319367613959053,25.36845624615088,17.51464156385377,171.3559565111637,0.0031613480210567,18.206296239962008,0.0547450745019165,411.5991803065514,166.34794389308334,17.14996584610631,retained_after_posthoc_audit,3,61140.69492429398,2026-04-10T16:40:41.459,2026-04-11T00:40:41.459000+08:00,2026-04-10T12:19:02.907,2026-04-10T20:02:15.933,4.3607089273260184,3.3595762125061883,dawn_start,3.3595762125061883,-3.3595762125061883,18.597091674804688,18.547657012939453,186.7753448218944,7.373283696917185,legacy_site_coordinates_do_not_use_for_final_figure
20260410,000018w,159,4,4,61140.65090431713,61140.674274687495,61140.70655618056,182.57660070011465,3.4169619333107937,18.31671142578125,18.53685760498047,4,3,0.2881475810797971,0.0775281005080397,0.5550438617397856,4.37153308557641,0.0621139267813439,7.859269049431287,181.57853900020368,4.9389724104996455,0.0034045801201711,15.159564940070387,0.2284717879854429,651.2018669767655,132.395333638191,27.133411124031895,retained_after_posthoc_audit,4,61140.674274687495,2026-04-10T16:10:57.333,2026-04-11T00:10:57.333000+08:00,2026-04-10T12:19:02.907,2026-04-10T20:02:15.933,3.865118371669783,3.855166768162424,dawn_start,3.855166768162424,-3.855166768162424,18.31671142578125,18.53685760498047,182.57660070011465,3.4169619333107937,legacy_site_coordinates_do_not_use_for_final_figure
20260420,000019o,807,3,3,61150.64612646991,61150.668297986114,61150.68979505787,181.5630259071264,4.589836653007128,18.32483291625977,18.64934730529785,3,2,0.1242174640115778,0.0,0.2151509588554114,4.478614251382347,0.173851599752708,1.6012997666574944,21.3156119214583,167.074978354688,0.0032760252261517,16.77640301147273,0.1014222107752442,500.3525654563898,131.37555339454292,20.848023560682908,retained_after_posthoc_audit,3,61150.668297986114,2026-04-20T16:02:20.946,2026-04-21T00:02:20.946000+08:00,2026-04-20T12:33:00.247,2026-04-20T19:43:35.566,3.489082999050969,3.687394333721122,dusk_end,3.489082999050969,3.489082999050969,18.32483291625977,18.64934730529785,181.5630259071264,4.589836653007128,legacy_site_coordinates_do_not_use_for_final_figure
20260422,00001aJ,102,3,3,61152.563889756944,61152.585856550926,61152.60786592593,181.40948256214065,4.785196238117394,18.508499145507812,18.968656539916992,3,2,0.3325064186619596,0.0,0.5759180109652824,5.666186964234914,0.2764093340542679,1.907383198679204,163.63575693567873,24.353580446325072,0.0029492438065454,16.618666467587996,0.2703033914540655,446.4910623765072,128.28349097207945,18.6037942656878,retained_after_posthoc_audit,3,61152.585856550926,2026-04-22T14:03:38.006,2026-04-22T22:03:38.006000+08:00,2026-04-22T12:35:54.164,2026-04-22T19:39:54.529,1.4621783611476449,5.604589782581094,dusk_end,1.4621783611476449,1.4621783611476449,18.508499145507812,18.968656539916992,181.40948256214065,4.785196238117394,legacy_site_coordinates_do_not_use_for_final_figure
20260503,00001d1,389,3,3,61163.67019888889,61163.69213002315,61163.71388142361,184.30553642405536,7.789939589643245,18.32927131652832,18.43425178527832,3,2,0.285782819954253,0.0,0.494990364091075,1.211561832977914,0.0729951766912974,20.595289561172127,3.199592680327334,29.234143161729865,-179.9860167577929,25.15141573014832,0.2621031282176584,336.4614905092322,174.31503999259138,14.019228771218009,retained_after_posthoc_audit,3,61163.69213002315,2026-05-03T16:36:40.034,2026-05-04T00:36:40.034000+08:00,2026-05-03T12:52:19.488,2026-05-03T19:20:17.839,3.7390404801098858,2.7271681489870856,dawn_start,2.7271681489870856,-2.7271681489870856,18.32927131652832,18.43425178527832,184.30553642405536,7.789939589643245,legacy_site_coordinates_do_not_use_for_final_figure
20260508,00001eC,186,6,6,61168.543215543985,61168.593456979164,61168.64277741898,183.84643726069004,7.830379235471375,18.42607593536377,18.4071683883667,6,5,0.3515618028100171,0.3067271633157094,0.5425378379984998,3.0900342160307046,0.3268461513658394,23.363418465233305,17.991079682287975,354.3399444945485,-179.99515104081044,12.06864057306095,0.2277786319635405,330.7571993295498,175.96453855875774,13.781549972064575,retained_after_posthoc_audit,6,61168.59345697917,2026-05-08T14:14:34.683,2026-05-08T22:14:34.683000+08:00,2026-05-08T12:59:57.536,2026-05-08T19:11:55.994,1.2436518599853716,4.955919700552101,dusk_end,1.2436518599853716,1.2436518599853716,18.42607593536377,18.4071683883667,183.84643726069004,7.830379235471375,legacy_site_coordinates_do_not_use_for_final_figure
20260509,00001fm,221,3,3,61169.65443891204,61169.68824444444,61169.71003380787,215.57755111919943,-0.4448191984476714,19.168703079223633,18.42168426513672,3,2,0.3569110432868915,0.0030735851265057,0.6181804198896,1.6813433099427144,0.2268087207596536,20.41713054871724,3.4413230352675965,222.08181789793537,0.0204730433747369,28.934092391280146,0.3301523721121004,244.16748232462663,140.9491849158586,10.173645096859444,retained_after_posthoc_audit,3,61169.68824444444,2026-05-09T16:31:04.320,2026-05-10T00:31:04.320000+08:00,2026-05-09T13:01:29.324,2026-05-09T19:10:18.970,3.493054416817298,2.654069551345356,dawn_start,2.654069551345356,-2.654069551345356,19.168703079223633,18.42168426513672,215.57755111919943,-0.4448191984476714,legacy_site_coordinates_do_not_use_for_final_figure
20260509,00001fs,311,3,3,61169.63651894676,61169.65841542824,61169.692192152776,217.8354788459766,-6.8621406156905795,19.104774475097656,18.459373474121097,3,2,0.2566949660022954,0.0,0.4446087231631413,-4.590713854099277,1.893107285139874,12.230224938479274,349.65957175048356,230.81145871539272,0.0056211709070673,25.01977822073868,0.207790454197055,231.45080307440531,123.60799624101011,9.643783461433555,retained_after_posthoc_audit,3,61169.65841542824,2026-05-09T15:48:07.093,2026-05-09T23:48:07.093000+08:00,2026-05-09T13:01:29.324,2026-05-09T19:10:18.970,2.777158027952222,3.369965940210432,dusk_end,2.777158027952222,2.777158027952222,19.104774475097656,18.459373474121097,217.8354788459766,-6.8621406156905795,legacy_site_coordinates_do_not_use_for_final_figure
20260512,00001fU,105,3,3,61172.54825599537,61172.57021942129,61172.60715791667,183.4967801566483,7.849555001471338,18.213409423828125,18.366453170776367,3,2,0.2286259804939655,0.0030735851265057,0.395979885783295,1.0445012478565936,0.2446131790101224,19.625092219374572,1.293680731705253,36.382712787325005,-179.98297946477737,22.70419693383312,0.2265898912503116,326.4249735288893,177.7973282157651,13.601040563703721,retained_after_posthoc_audit,3,61172.57021942129,2026-05-12T13:41:06.958,2026-05-12T21:41:06.958000+08:00,2026-05-12T13:06:03.974,2026-05-12T19:05:35.730,0.5841622779968425,5.407992159884394,dusk_end,0.5841622779968425,0.5841622779968425,18.213409423828125,18.366453170776367,183.4967801566483,7.849555001471338,legacy_site_coordinates_do_not_use_for_final_figure
20260530,00001gL,73,3,3,61190.57043309028,61190.59204358796,61190.61360976851,190.08159339792013,4.667637690848427,16.7623348236084,16.970666885375977,3,2,0.0914014832679895,0.0,0.1583120129073144,0.904440473886306,0.4373527671301636,17.864103039041535,352.3890545876834,57.96718200534192,-179.9892322152065,19.594741547080133,0.0979214630203612,114.25143241737403,164.91327015205044,4.760476350723918,retained_after_posthoc_audit,3,61190.59204358796,2026-05-30T14:12:32.566,2026-05-30T22:12:32.566000+08:00,2026-05-30T13:31:28.233,2026-05-30T18:42:49.014,0.6845369611878143,4.504569015877576,dusk_end,0.6845369611878143,0.6845369611878143,16.7623348236084,16.970666885375977,190.08159339792013,4.667637690848427,legacy_site_coordinates_do_not_use_for_final_figure
20260530,00001gM,75,3,3,61190.61646689815,61190.63801819445,61190.659536493054,190.08007001984177,4.66805150677744,16.728836059570312,16.920516967773438,3,2,0.1311236228311985,0.0,0.2271127768161342,0.896872089830674,0.4494820755259309,17.86890520346914,352.4141437119607,57.96614091444849,-179.9893753271378,19.38238331921871,0.1511814326054529,135.25761496182693,166.55300712169313,5.635733956742789,retained_after_posthoc_audit,3,61190.63801819445,2026-05-30T15:18:44.772,2026-05-30T23:18:44.772000+08:00,2026-05-30T13:31:28.233,2026-05-30T18:42:49.014,1.787927516900209,3.4011784601651813,dusk_end,1.787927516900209,1.787927516900209,16.728836059570312,16.920516967773438,190.08007001984177,4.66805150677744,legacy_site_coordinates_do_not_use_for_final_figure
20260601,00001h1,9,3,3,61192.54048708333,61192.562040833334,61192.58357695602,182.10453188220467,7.756902508993796,18.16482162475586,18.54908561706543,3,2,0.017112997733483,0.0,0.0296405815442037,0.946366023097585,0.7963451533903043,11.234064239353769,348.6661807500844,44.912643387006305,-179.99567662129488,10.308988378330463,0.0259893902296251,202.87176362994023,194.34694486910777,8.45299015124751,retained_after_posthoc_audit,3,61192.562040833334,2026-06-01T13:29:20.328,2026-06-01T21:29:20.328000+08:00,2026-06-01T13:33:51.099,2026-06-01T18:41:02.770,-0.0752141671875108,5.195122857271145,dusk_end,0.0752141671875108,-0.0752141671875108,18.16482162475586,18.54908561706543,182.10453188220467,7.756902508993796,legacy_site_coordinates_do_not_use_for_final_figure
20260601,00001h8,82,3,3,61192.558191550925,61192.579758935186,61192.60126719907,190.02775945960477,4.6820226927719615,16.672510147094727,17.092548370361328,3,2,0.0039679813360358,0.0,0.0068727452774991,1.6824973720798422,0.4858864250380904,9.492940911884268,355.8438978345807,33.448299370000896,-179.99614942637487,13.506805534669551,0.0084120509186425,98.23062913781293,166.8455975589077,4.092942880742205,retained_after_posthoc_audit,3,61192.579758935186,2026-06-01T13:54:51.172,2026-06-01T21:54:51.172000+08:00,2026-06-01T13:33:51.099,2026-06-01T18:41:02.770,0.3500202772519003,4.769888412831734,dusk_end,0.3500202772519003,0.3500202772519003,16.672510147094727,17.092548370361328,190.02775945960477,4.6820226927719615,legacy_site_coordinates_do_not_use_for_final_figure
